[{"md5":"0ba297ea0fb3f54acc0d917b059a2a55","name":"com.tmall.wireless.tmshoplist","size":256341},{"md5":"82d98f3eb755ba5e08c315d91e63e433","name":"com.tmall.wireless.custom","size":143966},{"md5":"183946f98bbf1776b026b19503b1f20e","name":"com.tmall.wireless.fans","size":955905},{"md5":"a0e5f10f5167543d5f167bb3868f645c","name":"com.alibaba.wireless.grandpiano","size":94034},{"md5":"b3157aeef75c00beea3567a7a82c8fc9","name":"com.tmall.wireless.recommend","size":97594},{"md5":"8a2451ec461fbf2f01bfc7e956f6ff2b","name":"com.taobao.ju.luaview","size":558505},{"md5":"ace89765b765221874e2ec26c8718684","name":"com.tmall.wireless.module.footprint","size":117755},{"md5":"0869d96d238c83cbf616579ac6881e48","name":"com.taobao.ju.android","size":1159907},{"md5":"bf1d56b77a76db1eef1cffa6589c66a0","name":"com.tmall.wireless.push","size":245071},{"md5":"6f10065376ea46e7c27080aa81dbf5ce","name":"com.tmall.wireless.bizgroup","size":625503},{"md5":"c2f6bb91ffdb062a5a387789cc451789","name":"com.tmall.wireless.bfsubscriber","size":112901},{"md5":"3e9dbac4344aef5e6aaba804db5d2185","name":"com.tmall.wireless.brandinghome","size":352892},{"md5":"574beccd4805798e1db8a327c4f821eb","name":"com.tmall.wireless.jupiter","size":384619},{"md5":"a85eeab4ae9b1f53df07bbeea5dc9239","name":"com.taobao.mother","size":275639},{"md5":"56c396bd266b69132a5c0bc88e02c353","name":"com.tmall.wireless.speech","size":104234},{"md5":"4bd5e5fa3977a30399a216da00f5ec57","name":"com.tmall.wireless.dokodemo","size":93845},{"md5":"fb9d57e9839c32ebfbfe73289a2ae16d","name":"com.tmall.wireless.dynamic","size":143541},{"md5":"6d3c72f9427d8a18f091f9c5a2618444","name":"com.taobao.android.tbcatch","size":2223296},{"md5":"c749e477971a33240b0cfc9439cdeede","name":"com.tmall.wireless.messagebox","size":4979399},{"md5":"d253e5bba702fc6c5a59a64d7eb1c2ea","name":"com.taobao.android.gmlab","size":4625618},{"md5":"2542793affb2ad590941bcd73b5c00c7","name":"com.tmall.wireless.mirror","size":287656},{"md5":"782150488a3f02c9b792364c5b8c835c","name":"com.tmall.wireless.fun","size":1144428},{"md5":"9c4b8eadafda1c198e2c959149d177e5","name":"com.tmall.wireless.tkcomponent","size":502941},{"md5":"6644bbe18a919c6ddc2505a0b84ed6ec","name":"com.tmall.android.market.plugin","size":209120},{"md5":"79aabed2c64d5d2ef0833e5921a41efa","name":"com.tmall.wireless.category","size":146814},{"md5":"bfa93dbe7c647dc066bba7fbb6239846","name":"com.tmall.wireless.order","size":1382201},{"md5":"c1aa2aaf696db8768e02188d9e6d6aad","name":"com.tmall.wireless.mytmall","size":364025},{"md5":"a10f7ba1e21caec9646f3b93ac779d52","name":"com.tmall.wireless.brand","size":266623},{"md5":"27056d5bab1618b9246ebcf27e632f32","name":"com.tmall.wireless.login","size":495658},{"md5":"e63339c442be361b012d1b28e26734cd","name":"com.tmall.wireless.search","size":1181173},{"md5":"d78dfdc908b751827cafc1121030ee41","name":"com.tmall.wireless.shop","size":375284},{"md5":"a837c6caa6ae83e431c2c89a49d46a69","name":"com.tmall.wireless.ar","size":2546761},{"md5":"323c5187fdd89f13976ca08025ad5cd1","name":"com.tmall.wireless.unitblocksdk","size":191324},{"md5":"ed99c3feec40d6affa7db231aa727fab","name":"com.tmall.wireless.favorite","size":439389},{"md5":"03d424b2d89acd0fb89c7835972c05fb","name":"com.tmall.wireless.livePush","size":478193},{"md5":"e657276bf51fdf458ac577bcfa43c8a9","name":"com.tmall.wireless.magicmirror","size":883626},{"md5":"1e6db3ca5049f4d2d4073f32245bb278","name":"com.tmall.wireless.homepage","size":1573483},{"md5":"b6cfa81f4d36e3d742678bcc72ca6fed","name":"com.tmall.wireless.awareness","size":236974},{"md5":"dc3d00be58877b5066161b4e95a56a5d","name":"com.tmall.wireless.feedback","size":254135},{"md5":"88f16ff531dfb0f20effd409a516a9e5","name":"com.tmall.wireless.tangramkit","size":101604},{"md5":"e04cd468b915970976f0977b3b840c9b","name":"com.tmall.wireless.livePlay","size":4101480},{"md5":"7e051c32649351169f4ace29f1e5c84a","name":"com.tmall.wireless.scanner","size":602972},{"md5":"c1e05c303a5814c9d77213ccac9e08c9","name":"com.tmall.wireless.tmallandroid_dwplayer","size":518469},{"md5":"7baa9437e9bd0802136259d767c44741","name":"com.tmall.wireless.detail","size":1945359},{"md5":"0997e45e63377e19604097f371a78c96","name":"com.tmall.wireless.weapp","size":306957},{"md5":"0bb43ea147d518b6612ff7e58b35aa33","name":"com.etao.feimagesearch","size":470371},{"md5":"f451dce1cee1f67abc69bf58d3c0b675","name":"com.tmall.wireless.refund","size":386094},{"md5":"833509d3270f5666d3198f6f091bbbe2","name":"com.tmall.wireless.share","size":508265},{"md5":"d7e5aae1aa3037c28770bd8f99ea52c3","name":"com.tmall.wireless.edgecomputing","size":3909892},{"md5":"b96037d99ed0d3e41c619b28396ec58d","name":"com.tmall.wireless.brandweexcomponent","size":130055},{"md5":"8315ad1a36010ec4b64a90db301b14e9","name":"com.taobao.relationship","size":232220},{"md5":"899d6eb537a9d865cf514f6a7ee32f72","name":"com.tmall.wireless.prism","size":763978,"url":"https://appdownload.alicdn.com/bundle/899d6eb537a9d865cf514f6a7ee32f72/libcom_tmall_wireless_prism.so"},{"md5":"cd71140f538ab4cff1edd77ae86aa0dc","name":"com.tmall.wireless.memberPlus","size":180483},{"md5":"adb1d360e982d735b37ab8fd81d5e7e6","name":"com.tmall.android.marketing","size":228615},{"md5":"ee95ee4684db324bc468a1dbe6dfbdcc","name":"com.tmall.wireless.reactivex","size":374549},{"md5":"1cb74316d11b551ed106e43a5a8056d8","name":"com.tmall.wireless.taoke","size":192071},{"md5":"535a8804596461854aa7e5191f696988","name":"com.tmall.wireless.pay","size":1975915},{"md5":"3ca8f8903760b2eec271e611e5e1cadf","name":"com.tmall.wireless.powermsg","size":170394}]