{
  "data": {
    "pageCode": "default",
    "status": "0",
    "arrow": "left",
    "cards": [
      {
        "type": "1",
        "id": "banner",
        "items": [
          {
            "style": {
              "indicatorGap": "5",
              "indicatorMargin": "5",
              "indicatorImg1": "https://img.alicdn.com/tps/TB16i4qNXXXXXbBXFXXXXXXXXXX-32-4.png",
              "indicatorGravity": "center",
              "indicatorHeight": "2",
              "ratio": "2.072",
              "indicatorImg2": "https://img.alicdn.com/tps/TB1XRNFNXXXXXXKXXXXXXXXXXXX-32-4.png"
            },
            "data": [
              {
                "img2Url": "https://gw.alicdn.com/tps/TB1Q5dLKFXXXXcyXVXXXXXXXXXX-1125-543.jpg",
                "imgUrl": "https://gw.alicdn.com/tps/TB1sOpSKFXXXXXwXVXXXXXXXXXX-1680-400.jpg",
                "isDMJ": "false",
                "action": "https://neiyi.tmall.com",
                "bizId": "JDT1"
              },
              {
                "img2Url": "http://img.alicdn.com/tps/TB1Pl47KFXXXXXjXpXXXXXXXXXX-1125-543.png",
                "imgUrl": "http://img.alicdn.com/tps/TB1dGh3KFXXXXbeXpXXXXXXXXXX-1680-400.jpg",
                "isDMJ": "false",
                "action": "http://www.tmall.com/go/market/promotion-act/fuwutai.php",
                "bizId": "JDT4"
              },
              {
                "img2Url": "http://gtms01.alicdn.com/tps/i1/TB1YfOXKFXXXXc2XXXXUSjP_XXX-1125-543.png",
                "imgUrl": "http://gtms04.alicdn.com/tps/i4/TB1dTXUKFXXXXaMXFXXWXkEMFXX-1680-400.png",
                "isDMJ": "false",
                "action": "http://www.tmall.com/wh/tmall/fushi/act/sports",
                "bizId": "JDT5"
              },
              {
                "img2Url": "http://gtms04.alicdn.com/tps/i4/TB1xsX8KFXXXXbkXpXXeRTP_XXX-1125-543.jpg",
                "imgUrl": "http://gtms01.alicdn.com/tps/i1/TB1pY0VKFXXXXb6XFXXgoUDMFXX-1680-400.jpg",
                "isDMJ": "false",
                "action": "http://www.tmall.com/wh/tmall/fushi/act/nanzhuang",
                "bizId": "JDT6"
              }
            ],
            "type": "2"
          }
        ]
      },
      {
        "type": "4",
        "id": "topNav520",
        "style": {
          "bgColor": "#ffffff"
        },
        "items": [
          {
            "type": "3",
            "imgUrl": "http://img.alicdn.com/tps/i1/TB1i_o5IXXXXXazXpXXtz80OVXX-160-160.png_200x200.jpg",
            "title": "积分刮券",
            "pageParam": "scm=1003.64.201506140121-1.OTHER_1439764172486_351380",
            "action": "//www.tmall.com/wow/jifen/act/index?acm=201506140121-1.1003.64.351380&aldid=5TJPcDQ3&scm=1003.64.201506140121-1.OTHER_1439764172486_351380&pos=1",
            "bizId": "LJF"
          },
          {
            "type": "3",
            "imgUrl": "http://img.alicdn.com/tps/i4/TB16VxHHVXXXXasXFXXtz80OVXX-160-160.png_200x200.jpg",
            "title": "充值",
            "pageParam": "scm=1003.64.201506140121-2.OTHER_1441040931937_351384",
            "action": "http://h5.m.taobao.com/app/cz/cost.html?acm=201506140121-2.1003.64.351384&aldid=5TJPcDQ3&scm=1003.64.201506140121-2.OTHER_1441040931937_351384&pos=2",
            "bizId": "CZ"
          },
          {
            "type": "3",
            "imgUrl": "http://gtms04.alicdn.com/tps/i4/TB1ivBELFXXXXXOXpXXtz80OVXX-160-160.png",
            "title": "天猫国际",
            "pageParam": "scm=1003.64.201506140121-3.OTHER_1442301830323_351387",
            "action": "https://pages.tmall.com/wh/tmall/import/act/mp-pc-2015?wvAppMonitor=2",
            "bizId": "ICON5"
          },
          {
            "type": "3",
            "imgUrl": "http://img.alicdn.com/tps/i3/TB10qtAHVXXXXaiXVXXtz80OVXX-160-160.png_200x200.jpg",
            "title": "聚划算",
            "pageParam": "scm=1003.64.201506140121-4.OTHER_1441333855546_384796",
            "action": "tmall://mobile.tmall.com/page/juhuasuan",
            "bizId": "JFS"
          }
        ]
      },
      {
        "type": "21",
        "id": "Home_B_TabHeader",
        "items": [
          {
            "targetCard": "Home_B_TabContent",
            "ck": "POS_2403",
            "data": [
              {
                "imgUrl": "https://img.alicdn.com/tps/TB1Yr9BNpXXXXc6XpXXXXXXXXXX-126-126.jpg",
                "pageParam": "scm=1003.1.201608242.ITEM_0_1126091",
                "title": "全部推荐",
                "currentTab": "true",
                "_pos_": "1",
                "industryId": "0"
              },
              {
                "imgUrl": "https://img.alicdn.com/tps/TB16GPsNXXXXXabXFXXXXXXXXXX-84-84.jpg",
                "pageParam": "scm=1003.1.201608242.ITEM_1_1126091",
                "title": "电器城",
                "_pos_": "2",
                "industryId": "1"
              },
              {
                "imgUrl": "https://img.alicdn.com/tps/TB1M92aNXXXXXb4XVXXXXXXXXXX-84-84.jpg",
                "pageParam": "scm=1003.1.201608242.ITEM_2_1126091",
                "title": "女装",
                "_pos_": "3",
                "industryId": "2"
              },
              {
                "imgUrl": "https://img.alicdn.com/tps/TB1tqfKNXXXXXbyXXXXXXXXXXXX-512-512.jpg",
                "pageParam": "scm=1003.1.201608242.ITEM_3_1126091",
                "title": "男女鞋",
                "_pos_": "4",
                "industryId": "3"
              },
              {
                "imgUrl": "https://img.alicdn.com/tps/TB1M7jFNXXXXXXXXpXXXXXXXXXX-512-512.jpg",
                "pageParam": "scm=1003.1.201608242.ITEM_4_1126091",
                "title": "箱包",
                "_pos_": "5",
                "industryId": "4"
              },
              {
                "imgUrl": "https://img.alicdn.com/tps/TB1QkrLNXXXXXazXXXXXXXXXXXX-800-800.jpg",
                "pageParam": "scm=1003.1.201608242.ITEM_5_1126091",
                "title": "内衣",
                "_pos_": "6",
                "industryId": "5"
              },
              {
                "imgUrl": "https://img.alicdn.com/tps/TB1LWDkNXXXXXXGXVXXXXXXXXXX-84-84.jpg",
                "pageParam": "scm=1003.1.201608242.ITEM_6_1126091",
                "title": "家纺家饰",
                "_pos_": "7",
                "industryId": "6"
              },
              {
                "imgUrl": "https://img.alicdn.com/tps/TB1jHbsNXXXXXabXFXXXXXXXXXX-330-330.png",
                "pageParam": "scm=1003.1.201608242.ITEM_7_1126091",
                "title": "腕表",
                "_pos_": "8",
                "industryId": "7"
              },
              {
                "imgUrl": "https://img.alicdn.com/tps/TB12V_xNXXXXXbUXpXXXXXXXXXX-512-512.jpg",
                "pageParam": "scm=1003.1.201608242.ITEM_8_1126091",
                "title": "户外",
                "_pos_": "9",
                "industryId": "8"
              },
              {
                "imgUrl": "https://img.alicdn.com/tps/TB10uneNXXXXXbIaXXXXXXXXXXX-200-200.png",
                "pageParam": "scm=1003.1.201608242.ITEM_9_1126091",
                "title": "母婴",
                "_pos_": "10",
                "industryId": "9"
              },
              {
                "imgUrl": "https://img.alicdn.com/tps/TB14X2iNXXXXXamXVXXXXXXXXXX-84-84.jpg",
                "pageParam": "scm=1003.1.201608242.ITEM_10_1126091",
                "title": "美妆",
                "_pos_": "11",
                "industryId": "10"
              },
              {
                "imgUrl": "https://img.alicdn.com/tps/TB1EfbbNXXXXXcLXVXXXXXXXXXX-800-800.jpg",
                "pageParam": "scm=1003.1.201608242.ITEM_11_1126091",
                "title": "男装",
                "_pos_": "12",
                "industryId": "11"
              },
              {
                "imgUrl": "https://img.alicdn.com/tps/TB1mJTJNXXXXXbtXXXXXXXXXXXX-200-200.png",
                "pageParam": "scm=1003.1.201608242.ITEM_12_1126091",
                "title": "食品",
                "_pos_": "13",
                "industryId": "12"
              }
            ],
            "type": "48",
            "bizId": "Home_B_TabHeader"
          }
        ],
        "lift": "false",
        "pos": "0"
      },
      {
        "type": "1",
        "id": "Home_B_TabContent",
        "style": {
          "margin": [
            "0",
            "0",
            "0",
            "0"
          ],
          "vGap": "12"
        },
        "items": [
          {
            "contentType": "post",
            "entityType": "ACTIVITY",
            "type": "46",
            "id": "6438996",
            "title": "最会抢镜的街拍潮搭",
            "pageParam": "id=6438996;pos=1;userId=VCNxiOB0oioDAFKxDq03I++V;page=1;clk_param=6438996_16_-1_content_cd;entityType=ACTIVITY;contentType=post;tppScm=1007.13928.48520.100200300000000",
            "height": "800.0",
            "clk_param": "6438996_16_-1_content_cd",
            "actUserType": "11",
            "action": "//content.tmall.com/wow/pegasus/subject/65/37748837/4743554?id=4743554&acm=05806.1003.1.1125309&aldid=lUPIS8s8&wh_ttid=@phone&wh_header=11&wh_tailer=1&gccpm=6438996.300.11.subject-2210.919288.1332522&tailer=1&header=11&scm=1003.1.05806.ACTIVITY_6438996_1125309&pos=1",
            "ctrClickParam": "id=6438996;pos=1;userId=VCNxiOB0oioDAFKxDq03I++V;page=1;clk_param=6438996_16_-1_content_cd;entityType=ACTIVITY;contentType=post;tppScm=1007.13928.48520.100200300000000",
            "acm": "05806.1003.1.1125309",
            "width": "800.0",
            "_self_scm": "1007.13928.48520.100200300000000",
            "cType": "",
            "imgUrl": "//img.alicdn.com/bao/uploaded/i3/TB1RIjXNXXXXXcfXXXXSutbFXXX.jpg",
            "actUserId": "2261293572",
            "actKeys": "帖子 女生服饰 鞋",
            "_s_": "d",
            "ck": "POS_2402",
            "actIntro": "随手一大搭，又是一身帅翻天",
            "_pos_": "1",
            "tagText": "帖子",
            "channel": "我与他",
            "scm": "1003.1.05806.ACTIVITY_6438996_1125309"
          },
          {
            "contentType": "post",
            "entityType": "ACTIVITY",
            "type": "46",
            "id": "6333496",
            "title": "涂上ta，撩汉去吧！",
            "pageParam": "id=6333496;pos=2;userId=VCNxiOB0oioDAFKxDq03I++V;page=1;clk_param=6333496_50010788_-1_content_cd;entityType=ACTIVITY;contentType=post;tppScm=1007.13928.48520.100200300000000",
            "height": "800.0",
            "clk_param": "6333496_50010788_-1_content_cd",
            "actUserType": "11",
            "action": "//content.tmall.com/wow/pegasus/subject/65/88899268/4631756?id=4631756&acm=05806.1003.1.1125309&aldid=lUPIS8s8&wh_ttid=@phone&wh_header=11&wh_tailer=1&gccpm=6333496.300.11.subject-2210.919288.1332522&tailer=1&header=11&scm=1003.1.05806.ACTIVITY_6333496_1125309&pos=2",
            "ctrClickParam": "id=6333496;pos=2;userId=VCNxiOB0oioDAFKxDq03I++V;page=1;clk_param=6333496_50010788_-1_content_cd;entityType=ACTIVITY;contentType=post;tppScm=1007.13928.48520.100200300000000",
            "acm": "05806.1003.1.1125309",
            "width": "800.0",
            "_self_scm": "1007.13928.48520.100200300000000",
            "cType": "",
            "imgUrl": "//img.alicdn.com/bao/uploaded/i3/TB1Vgc4MVXXXXakaXXXSutbFXXX.jpg",
            "actUserId": "1731307542",
            "actKeys": "帖子 魔法镜 彩妆 护肤品",
            "_s_": "d",
            "ck": "POS_2402",
            "actIntro": "撩汉必备，你买了吗？",
            "_pos_": "2",
            "tagText": "帖子",
            "channel": "我和春天有个约会",
            "scm": "1003.1.05806.ACTIVITY_6333496_1125309"
          },
          {
            "img2Url": "//img.alicdn.com/bao/uploaded/i3/TB1db2xKFXXXXaRXpXXXXXXXXXX_!!0-item_pic.jpg",
            "contentType": "list",
            "type": "43",
            "entityType": "ACTIVITY",
            "img1Url": "//img.alicdn.com/bao/uploaded/i3/TB1EyJ_NpXXXXcBXFXXXXXXXXXX_!!0-item_pic.jpg",
            "id": "6016033",
            "pageParam": "id=6016033;pos=3;userId=VCNxiOB0oioDAFKxDq03I++V;page=1;clk_param=6016033_122952001_-1_content_cd;entityType=ACTIVITY;contentType=list;tppScm=1007.13928.48520.100200300000000",
            "title": "健康儿童餐具，萌趣卡通的美味世界",
            "clk_param": "6016033_122952001_-1_content_cd",
            "actUserType": "8",
            "action": "//content.tmall.com/wow/pegasus/subject/0/53010583/4254158?id=4254158&acm=05806.1003.1.1125309&aldid=lUPIS8s8&wh_header=10&wh_tailer=1&gccpm=6016033.503.8.link4taobaodaren.919973.1332522&wh_middleheader=10&tailer=1&header=10&pg1stepk=ucm:tmb_0_5672334073_53010583&scm=1003.1.05806.ACTIVITY_6016033_1125309&pos=3",
            "img3Url": "//img.alicdn.com/bao/uploaded/i3/TB1DehiLpXXXXbfXVXXXXXXXXXX_!!0-item_pic.jpg",
            "ctrClickParam": "id=6016033;pos=3;userId=VCNxiOB0oioDAFKxDq03I++V;page=1;clk_param=6016033_122952001_-1_content_cd;entityType=ACTIVITY;contentType=list;tppScm=1007.13928.48520.100200300000000",
            "acm": "05806.1003.1.1125309",
            "_self_scm": "1007.13928.48520.100200300000000",
            "cType": "",
            "imgUrl": "//img.alicdn.com/bao/uploaded/i3/TB2aAOcuXXXXXXrXXXXXXXXXXXX_!!0-dgshop.jpg",
            "algo": "true",
            "actUserId": "1640849207",
            "actKeys": "subjectId_4254158 首席料理官 uid_53010583 isv_true 小勺 scid_936 必买清单 儿童筷 水杯 朱星 nick_小资生活控 儿童碗 美家",
            "ck": "POS_2400",
            "_s_": "d",
            "actIntro": "天气热，孩子不爱吃饭？除了精心准备美食，好看的趣味餐具也不能少，让孩子在吃饭的同时享受乐趣，肯定胃口大开。不仅这些餐具可爱呆萌，更为儿童进行了贴心的专业设计，实用又高颜值，怎么会拒绝呢！",
            "_pos_": "3",
            "tagText": "清单",
            "channel": "小资生活控",
            "scm": "1003.1.05806.ACTIVITY_6016033_1125309"
          },
          {
            "contentType": "post",
            "entityType": "ACTIVITY",
            "type": "46",
            "id": "6229465",
            "title": "美女测评，分分钟心动",
            "pageParam": "id=6229465;pos=4;userId=VCNxiOB0oioDAFKxDq03I++V;page=1;clk_param=6229465_0_-1_content_cd;entityType=ACTIVITY;contentType=post;tppScm=1007.13928.48520.100200300000000",
            "height": "800.0",
            "clk_param": "6229465_0_-1_content_cd",
            "actUserType": "10",
            "action": "//content.tmall.com/wow/pegasus/subject/22/661544293/4565329?id=4565329&acm=05806.1003.1.1125309&aldid=lUPIS8s8&wh_ttid=@phone&wh_header=11&wh_tailer=1&gccpm=6229465.600.10.subject-brandsite-2034.919288.1332522&tailer=1&header=11&scm=1003.1.05806.ACTIVITY_6229465_1125309&pos=4",
            "ctrClickParam": "id=6229465;pos=4;userId=VCNxiOB0oioDAFKxDq03I++V;page=1;clk_param=6229465_0_-1_content_cd;entityType=ACTIVITY;contentType=post;tppScm=1007.13928.48520.100200300000000",
            "acm": "05806.1003.1.1125309",
            "width": "800.0",
            "_self_scm": "1007.13928.48520.100200300000000",
            "cType": "",
            "imgUrl": "//img.alicdn.com/bao/uploaded/i3/TB1laT9MVXXXXbQXFXXSutbFXXX.jpg",
            "actUserId": "0",
            "actKeys": "",
            "_s_": "d",
            "ck": "POS_2402",
            "actIntro": "如何打造出轻透有带着水晶般质感的妆容...",
            "_pos_": "4",
            "tagText": "帖子",
            "channel": "温碧泉旗舰店",
            "scm": "1003.1.05806.ACTIVITY_6229465_1125309"
          },
          {
            "img2Url": "//img.alicdn.com/bao/uploaded/i4/TB1eq6dLFXXXXc1XXXXXXXXXXXX_!!0-item_pic.jpg",
            "contentType": "list",
            "type": "43",
            "entityType": "ACTIVITY",
            "img1Url": "//img.alicdn.com/bao/uploaded/i4/TB1YRRPKFXXXXcgXXXXXXXXXXXX_!!0-item_pic.jpg",
            "id": "5555258",
            "pageParam": "id=5555258;pos=5;userId=VCNxiOB0oioDAFKxDq03I++V;page=1;clk_param=5555258_50008281_-1_content_cd;entityType=ACTIVITY;contentType=list;tppScm=1007.13928.48520.100200300000000",
            "title": "让人爱不释手的厨房不锈钢",
            "clk_param": "5555258_50008281_-1_content_cd",
            "actUserType": "8",
            "action": "//content.tmall.com/wow/pegasus/subject/0/1596216175/4392958?id=4392958&acm=05806.1003.1.1125309&aldid=lUPIS8s8&wh_header=10&wh_tailer=1&gccpm=5555258.503.8.link4taobaodaren.919973.1332522&wh_middleheader=10&tailer=1&header=10&pg1stepk=ucm:tmb_0_5631388255_1596216175&scm=1003.1.05806.ACTIVITY_5555258_1125309&pos=5",
            "img3Url": "//img.alicdn.com/bao/uploaded/i1/TB1Wpd.KFXXXXcRXXXXXXXXXXXX_!!0-item_pic.jpg",
            "ctrClickParam": "id=5555258;pos=5;userId=VCNxiOB0oioDAFKxDq03I++V;page=1;clk_param=5555258_50008281_-1_content_cd;entityType=ACTIVITY;contentType=list;tppScm=1007.13928.48520.100200300000000",
            "acm": "05806.1003.1.1125309",
            "_self_scm": "1007.13928.48520.100200300000000",
            "cType": "",
            "imgUrl": "//img.alicdn.com/bao/uploaded/i3/TB2WD1mspXXXXbkXXXXXXXXXXXX_!!0-dgshop.jpg",
            "algo": "true",
            "actUserId": "2174893850",
            "actKeys": "scid_601 家居 isv_true subjectId_4392958 scid_878 scid_753 scid_936 scid_756 不锈钢 必买清单 uid_1596216175 nick_室有娇妻 美家",
            "ck": "POS_2400",
            "_s_": "d",
            "actIntro": "在家居生活中，不锈钢的应用及其广泛，特别是在油烟、水分偏多的厨房，特别能体现不锈钢的存在价值。当然也是因为它给人类带来了便利、好处，才会受到众人的青睐。其主要的还是不生锈的特点得到认可，实用、省心，让生活变得轻松愉快。",
            "_pos_": "5",
            "tagText": "清单",
            "channel": "室有娇妻",
            "scm": "1003.1.05806.ACTIVITY_5555258_1125309"
          },
          {
            "img2Url": "//img.alicdn.com/bao/uploaded/i1/TB1TKbmKVXXXXXBXpXXXXXXXXXX_!!0-item_pic.jpg",
            "contentType": "list",
            "type": "43",
            "entityType": "ACTIVITY",
            "img1Url": "//img.alicdn.com/bao/uploaded/i1/TB1Ct3JNXXXXXXpXpXXXXXXXXXX_!!0-item_pic.jpg",
            "id": "6225018",
            "pageParam": "id=6225018;pos=6;userId=VCNxiOB0oioDAFKxDq03I++V;page=1;clk_param=6225018_50011975_-1_content_cd;entityType=ACTIVITY;contentType=list;tppScm=1007.13928.48520.100200300000000",
            "title": "千奇百怪软枕包，烘托另类家居时尚",
            "clk_param": "6225018_50011975_-1_content_cd",
            "actUserType": "8",
            "action": "//content.tmall.com/wow/pegasus/subject/0/2859898438/4561532?id=4561532&acm=05806.1003.1.1125309&aldid=lUPIS8s8&wh_header=10&wh_tailer=1&gccpm=6225018.503.8.link4taobaodaren.919973.1332522&wh_middleheader=10&tailer=1&header=1&pg1stepk=ucm:tmb_0_5698536049_2859898438&scm=1003.1.05806.ACTIVITY_6225018_1125309&pos=6",
            "img3Url": "//img.alicdn.com/bao/uploaded/i1/TB1w9xNMXXXXXcsXXXXXXXXXXXX_!!0-item_pic.jpg",
            "ctrClickParam": "id=6225018;pos=6;userId=VCNxiOB0oioDAFKxDq03I++V;page=1;clk_param=6225018_50011975_-1_content_cd;entityType=ACTIVITY;contentType=list;tppScm=1007.13928.48520.100200300000000",
            "acm": "05806.1003.1.1125309",
            "_self_scm": "1007.13928.48520.100200300000000",
            "cType": "",
            "imgUrl": "//img.alicdn.com/bao/uploaded/i3/TB2rS9qaNrxQeBjy1zeXXXhAVXa_!!0-dgshop.jpg",
            "algo": "true",
            "actUserId": "1954178056",
            "actKeys": "scid_936 nick_稀呱app 天猫美家 scid_756 必买清单 全球家年华 uid_2859898438 scid_625 isv_true 美家 scid_878",
            "ck": "POS_2400",
            "_s_": "d",
            "actIntro": "觉得家里的抱枕总是那样四四方方的，图案也很单调。换掉它们，选择千奇百怪的抱枕，百变的造型，缤纷的颜色，令家居增添不少的趣味，让你足不出门也能乐趣多多，笑口常开。",
            "_pos_": "6",
            "tagText": "清单",
            "channel": "稀呱app",
            "scm": "1003.1.05806.ACTIVITY_6225018_1125309"
          },
          {
            "id": "Home_B_fashion_cell",
            "style": {
              "hGap": "9",
              "scrollMarginRight": "9",
              "margin": [
                "0",
                "0",
                "0",
                "0"
              ],
              "padding": [
                "0",
                "0",
                "8",
                "0"
              ],
              "pageRatio": 0.432,
              "bgColor": "#ffffff",
              "scrollMarginLeft": "9"
            },
            "items": [
              {
                "ctrClickParam": "tpp_scm=1007.13704.47506.100200300000000;tpp_pvid=5c6655f5-719a-4856-afed-92af47caba5e;clkinfo=201608301_1001_cd_5359181_535634975061_cd",
                "hid": "1001",
                "logoUrl": "https://img.alicdn.com/tps/TB1KxDaNXXXXXXcXFXXXXXXXXXX-87-87.png",
                "clkinfo": "201608301_1001_cd_5359181_535634975061_cd",
                "type": "50",
                "itemId": "535634975061",
                "imgUrl": "http://img.alicdn.com/bao/upload/TB1jtqPNXXXXXbjapXXE799_VXX-800-800.jpg",
                "subTitle": "焕新",
                "pageParam": "tpp_pvid=5c6655f5-719a-4856-afed-92af47caba5e;tpp_scm=1007.13704.47506.100200300000000;clkinfo=201608301_1001_cd_5359181_535634975061_cd",
                "title": "品牌精选新品",
                "style": {
                  "ratio": 0.814
                },
                "ck": "POS_2525",
                "tppIndex": "0",
                "action": "https://www.tmall.com/wow/portal/act/huanxin-index?acm=201608301.1003.1.1082948&syncIds=535634975061&aldid=686uDtge&scm=1003.1.201608301.CHANNEL_1001_1082948&pos=1",
                "exposureParam": "//ac.mmstat.com/1.gif?tpp_scm=1007.13704.47506.100200300000000&tpp_pvid=5c6655f5-719a-4856-afed-92af47caba5e"
              },
              {
                "ctrClickParam": "tpp_scm=1007.13704.47506.100200300000000;tpp_pvid=5c6655f5-719a-4856-afed-92af47caba5e;clkinfo=201608301_1003_cd_5412515_528092533218_cd",
                "hid": "1003",
                "logoUrl": "https://img.alicdn.com/tps/TB1wTeVNXXXXXcXaXXXXXXXXXXX-87-87.png",
                "clkinfo": "201608301_1003_cd_5412515_528092533218_cd",
                "type": "50",
                "itemId": "528092533218",
                "imgUrl": "http://img.alicdn.com/bao/upload/TB1z8q6NXXXXXaqXVXXE799_VXX-800-800.jpg",
                "subTitle": "全球时尚",
                "pageParam": "tpp_pvid=5c6655f5-719a-4856-afed-92af47caba5e;tpp_scm=1007.13704.47506.100200300000000;clkinfo=201608301_1003_cd_5412515_528092533218_cd",
                "title": "全球精致时尚",
                "style": {
                  "ratio": 0.814
                },
                "ck": "POS_2525",
                "tppIndex": "1",
                "action": "https://www.tmall.com/wow/fushi/act/globalfashion?acm=201608301.1003.1.1082948&syncIds=528092533218&aldid=686uDtge&scm=1003.1.201608301.CHANNEL_1003_1082948&pos=2",
                "exposureParam": "//ac.mmstat.com/1.gif?tpp_scm=1007.13704.47506.100200300000000&tpp_pvid=5c6655f5-719a-4856-afed-92af47caba5e"
              },
              {
                "ctrClickParam": "tpp_scm=1007.13704.47506.100200300000000;tpp_pvid=5c6655f5-719a-4856-afed-92af47caba5e;clkinfo=201608301_1002_cd_5434231_42491741949_cd",
                "hid": "1002",
                "logoUrl": "https://img.alicdn.com/tps/TB1.XmTNXXXXXcKaXXXXXXXXXXX-87-87.png",
                "clkinfo": "201608301_1002_cd_5434231_42491741949_cd",
                "type": "50",
                "itemId": "42491741949",
                "imgUrl": "http://img.alicdn.com/bao/upload/TB10NGVNXXXXXXbapXXE799_VXX-800-800.jpg",
                "subTitle": "物色",
                "pageParam": "tpp_pvid=5c6655f5-719a-4856-afed-92af47caba5e;tpp_scm=1007.13704.47506.100200300000000;clkinfo=201608301_1002_cd_5434231_42491741949_cd",
                "title": "每日惊喜主题",
                "style": {
                  "ratio": 0.814
                },
                "ck": "POS_2525",
                "tppIndex": "2",
                "action": "https://www.tmall.com/wow/portal/act/wuse-list?acm=201608301.1003.1.1082948&syncIds=42491741949&aldid=686uDtge&scm=1003.1.201608301.CHANNEL_1002_1082948&pos=3",
                "exposureParam": "//ac.mmstat.com/1.gif?tpp_scm=1007.13704.47506.100200300000000&tpp_pvid=5c6655f5-719a-4856-afed-92af47caba5e"
              },
              {
                "ctrClickParam": "tpp_scm=1007.13704.47506.100200300000000;tpp_pvid=5c6655f5-719a-4856-afed-92af47caba5e;clkinfo=201608301_1006_cd_5402503_40178013229_cd",
                "hid": "1006",
                "logoUrl": "https://img.alicdn.com/tps/TB19nyTNXXXXXbQaXXXXXXXXXXX-87-87.png",
                "clkinfo": "201608301_1006_cd_5402503_40178013229_cd",
                "type": "50",
                "itemId": "40178013229",
                "imgUrl": "http://img.alicdn.com/bao/upload/TB1Y1nqNXXXXXbhXXXXE799_VXX-800-800.jpg",
                "subTitle": "爱运动",
                "pageParam": "tpp_pvid=5c6655f5-719a-4856-afed-92af47caba5e;tpp_scm=1007.13704.47506.100200300000000;clkinfo=201608301_1006_cd_5402503_40178013229_cd",
                "title": "首发精选评测",
                "style": {
                  "ratio": 0.814
                },
                "ck": "POS_2525",
                "tppIndex": "3",
                "action": "https://pages.tmall.com/wow/fushi/16108/lovesports?acm=201608301.1003.1.1082948&syncIds=40178013229&aldid=686uDtge&scm=1003.1.201608301.CHANNEL_1006_1082948&pos=4",
                "exposureParam": "//ac.mmstat.com/1.gif?tpp_scm=1007.13704.47506.100200300000000&tpp_pvid=5c6655f5-719a-4856-afed-92af47caba5e"
              }
            ],
            "lift": "true",
            "type": "10",
            "kind": "row",
            "header": {
              "subTitle": "更多",
              "pageParam": "scm=1003.2.201608306.OTHER_1473346317537_1088444",
              "title": "时尚潮流馆",
              "style": {
                "margin": "[0,9,0,9]"
              },
              "subTitleIcon": "https://img.alicdn.com/tps/i4/TB1YOdxNXXXXXcjXVXXwu0bFXXX.png",
              "ck": "POS_2524",
              "action": "https://pages.tmall.com/wow/portal/act/more-channels?acm=201608306.1003.2.1088444&aldid=686uDtge&scm=1003.2.201608306.OTHER_1473346317537_1088444&pos=1",
              "type": "20",
              "header": "true"
            }
          },
          {
            "img2Url": "//img.alicdn.com/bao/uploaded/i2/TB1kxd6NpXXXXXkaXXXXXXXXXXX_!!0-item_pic.jpg",
            "contentType": "list",
            "type": "43",
            "entityType": "ACTIVITY",
            "img1Url": "//img.alicdn.com/bao/uploaded/i2/TB1OABTNpXXXXbVapXXXXXXXXXX_!!0-item_pic.jpg",
            "id": "5404691",
            "pageParam": "id=5404691;pos=7;userId=VCNxiOB0oioDAFKxDq03I++V;page=1;clk_param=5404691_29_-1_content_cd;entityType=ACTIVITY;contentType=list;tppScm=1007.13928.48520.100200300000000",
            "title": "国民初恋黄轩喊你一起囤狗粮啦",
            "clk_param": "5404691_29_-1_content_cd",
            "actUserType": "8",
            "action": "//content.tmall.com/wow/pegasus/subject/0/2770184462/4413942?id=4413942&acm=05806.1003.1.1125309&aldid=lUPIS8s8&wh_header=10&wh_tailer=1&gccpm=5404691.503.8.link4taobaodaren.919973.1332522&wh_middleheader=10&tailer=1&header=10&pg1stepk=ucm:tmb_0_200019163405_2770184462&scm=1003.1.05806.ACTIVITY_5404691_1125309&pos=7",
            "img3Url": "//img.alicdn.com/bao/uploaded/i2/TB1pTBWNpXXXXcZapXXXXXXXXXX_!!0-item_pic.jpg",
            "ctrClickParam": "id=5404691;pos=7;userId=VCNxiOB0oioDAFKxDq03I++V;page=1;clk_param=5404691_29_-1_content_cd;entityType=ACTIVITY;contentType=list;tppScm=1007.13928.48520.100200300000000",
            "acm": "05806.1003.1.1125309",
            "_self_scm": "1007.13928.48520.100200300000000",
            "cType": "",
            "imgUrl": "//img.alicdn.com/bao/uploaded/i3/TB28ItfqXXXXXafXXXXXXXXXXXX_!!1016410163.jpg",
            "algo": "true",
            "actUserId": "852670389",
            "actKeys": "uid_2770184462 比熊 isv_false 泰迪 scid_895 黄轩 nick_莱樱 金毛 subjectId_4413942 翻译官 宝路 成犬 狗粮 scid_944",
            "ck": "POS_2400",
            "_s_": "d",
            "actIntro": "最近“国民初恋”黄轩撩妹技能爆发，一大波少女心被俘获！其实咱们轩哥哥不仅人帅，还是个名副其实的爱狗人士。给爱犬选购健康又美味的狗粮是狗主人的大事，接下来看看小编为大家精心筛选的营养狗粮吧！",
            "_pos_": "7",
            "tagText": "清单",
            "channel": "官方小二",
            "scm": "1003.1.05806.ACTIVITY_5404691_1125309"
          },
          {
            "img2Url": "//img.alicdn.com/bao/uploaded/i4/TB1cZU.KVXXXXcLaXXXXXXXXXXX_!!0-item_pic.jpg",
            "contentType": "list",
            "type": "43",
            "entityType": "ACTIVITY",
            "img1Url": "//img.alicdn.com/bao/uploaded/i3/TB1tl8JNXXXXXa_XVXXXXXXXXXX_!!0-item_pic.jpg",
            "id": "5216563",
            "pageParam": "id=5216563;pos=8;userId=VCNxiOB0oioDAFKxDq03I++V;page=1;clk_param=5216563_50016349_-1_content_cd;entityType=ACTIVITY;contentType=list;tppScm=1007.13928.48520.100200300000000",
            "title": "百变钢铁侠，护航新生活！",
            "clk_param": "5216563_50016349_-1_content_cd",
            "actUserType": "8",
            "action": "//content.tmall.com/wow/pegasus/subject/0/748202617/4435147?id=4435147&acm=05806.1003.1.1125309&aldid=lUPIS8s8&wh_header=10&wh_tailer=1&gccpm=5216563.503.8.link4taobaodaren.919973.1332522&wh_middleheader=10&tailer=1&header=10&pg1stepk=ucm:tmb_0_5595101931_748202617&scm=1003.1.05806.ACTIVITY_5216563_1125309&pos=8",
            "img3Url": "//img.alicdn.com/bao/uploaded/i4/TB1HeL0JVXXXXaZXFXXXXXXXXXX_!!0-item_pic.jpg",
            "ctrClickParam": "id=5216563;pos=8;userId=VCNxiOB0oioDAFKxDq03I++V;page=1;clk_param=5216563_50016349_-1_content_cd;entityType=ACTIVITY;contentType=list;tppScm=1007.13928.48520.100200300000000",
            "acm": "05806.1003.1.1125309",
            "_self_scm": "1007.13928.48520.100200300000000",
            "cType": "",
            "imgUrl": "//img.alicdn.com/bao/uploaded/i3/TB288pHpVXXXXaQXXXXXXXXXXXX_!!0-dgshop.jpg",
            "algo": "true",
            "actUserId": "2168422189",
            "actKeys": "scid_753 不锈钢制品 天猫美家 nick_理想家的家 scid_756 必买清单 uid_748202617 scid_799 isv_true subjectId_4435147",
            "ck": "POS_2400",
            "_s_": "d",
            "actIntro": "作为新一代钢铁侠，各种不锈钢产品简直就是高品质生活的护航者。且不说其耐腐蚀性堪称钢材里的佼佼者，单是超强承重和耐高温的特点就足以让生活充满随意和放心。从锅碗瓢盆，到挂钩水龙头，再到水杯碗筷，这帮百变钢铁侠们早就全面“入侵”我们的生活啦！",
            "_pos_": "8",
            "tagText": "清单",
            "channel": "理想家的家",
            "scm": "1003.1.05806.ACTIVITY_5216563_1125309"
          },
          {
            "img2Url": "//img.alicdn.com/bao/uploaded/i3/TB1ze5OKFXXXXX_XpXXXXXXXXXX_!!0-item_pic.jpg",
            "contentType": "list",
            "type": "43",
            "entityType": "ACTIVITY",
            "img1Url": "//img.alicdn.com/bao/uploaded/i2/TB17XS9KFXXXXcsXFXXXXXXXXXX_!!0-item_pic.jpg",
            "id": "5857808",
            "pageParam": "id=5857808;pos=9;userId=VCNxiOB0oioDAFKxDq03I++V;page=1;clk_param=5857808_122852001_-1_content_cd;entityType=ACTIVITY;contentType=list;tppScm=1007.13928.48520.100200300000000",
            "title": "拉上窗帘遮住光，睡吧~",
            "clk_param": "5857808_122852001_-1_content_cd",
            "actUserType": "8",
            "action": "//content.tmall.com/wow/pegasus/subject/0/1086625229/4282788?id=4282788&acm=05806.1003.1.1125309&aldid=lUPIS8s8&wh_header=10&wh_tailer=1&gccpm=5857808.503.8.link4taobaodaren.919973.1332522&wh_middleheader=10&tailer=1&header=10&pg1stepk=ucm:tmb_0_200029529042_1086625229&scm=1003.1.05806.ACTIVITY_5857808_1125309&pos=9",
            "img3Url": "//img.alicdn.com/bao/uploaded/i1/TB1w0xXKFXXXXXTaXXXXXXXXXXX_!!0-item_pic.jpg",
            "ctrClickParam": "id=5857808;pos=9;userId=VCNxiOB0oioDAFKxDq03I++V;page=1;clk_param=5857808_122852001_-1_content_cd;entityType=ACTIVITY;contentType=list;tppScm=1007.13928.48520.100200300000000",
            "acm": "05806.1003.1.1125309",
            "_self_scm": "1007.13928.48520.100200300000000",
            "cType": "",
            "imgUrl": "//img.alicdn.com/bao/uploaded/i3/TB2A4VGsVXXXXbAXpXXXXXXXXXX_!!1720496674.jpg",
            "algo": "true",
            "actUserId": "1720496674",
            "actKeys": "粉色 遮光 isv_false 客厅 scid_895 卧室 定制 田园 nick_木谣 uid_1086625229 窗帘 scid_1171 subjectId_4282788 成品",
            "ck": "POS_2400",
            "_s_": "d",
            "actIntro": "把生活化繁为简，复古的家居，充满了欧式古堡的艺术气息~",
            "_pos_": "9",
            "tagText": "清单",
            "channel": "天猫美家",
            "scm": "1003.1.05806.ACTIVITY_5857808_1125309"
          },
          {
            "img2Url": "//img.alicdn.com/bao/uploaded/i2/TB1nNjwMVXXXXXUapXXXXXXXXXX_!!0-item_pic.jpg",
            "contentType": "list",
            "type": "43",
            "entityType": "ACTIVITY",
            "img1Url": "//img.alicdn.com/bao/uploaded/i1/TB17o21MXXXXXXhXVXXXXXXXXXX_!!0-item_pic.jpg",
            "id": "5859980",
            "pageParam": "id=5859980;pos=10;userId=VCNxiOB0oioDAFKxDq03I++V;page=1;clk_param=5859980_50001705_-1_content_cd;entityType=ACTIVITY;contentType=list;tppScm=1007.13928.48520.100200300000000",
            "title": "美衣要有美柜装",
            "clk_param": "5859980_50001705_-1_content_cd",
            "actUserType": "8",
            "action": "//content.tmall.com/wow/pegasus/subject/0/2742887939/4282141?id=4282141&acm=05806.1003.1.1125309&aldid=lUPIS8s8&wh_header=10&wh_tailer=1&gccpm=5859980.503.8.link4taobaodaren.919973.1332522&wh_middleheader=10&tailer=1&header=10&pg1stepk=ucm:tmb_0_5651092636_2742887939&scm=1003.1.05806.ACTIVITY_5859980_1125309&pos=10",
            "img3Url": "//img.alicdn.com/bao/uploaded/i3/TB1_HFiKXXXXXXOapXXXXXXXXXX_!!0-item_pic.jpg",
            "ctrClickParam": "id=5859980;pos=10;userId=VCNxiOB0oioDAFKxDq03I++V;page=1;clk_param=5859980_50001705_-1_content_cd;entityType=ACTIVITY;contentType=list;tppScm=1007.13928.48520.100200300000000",
            "acm": "05806.1003.1.1125309",
            "_self_scm": "1007.13928.48520.100200300000000",
            "cType": "",
            "imgUrl": "//img.alicdn.com/bao/uploaded/i3/TB2wtIytXXXXXbgXXXXXXXXXXXX_!!0-dgshop.jpg",
            "algo": "true",
            "actUserId": "1714710250",
            "actKeys": "树脂 isv_true nick_生活巨匠 scid_888 衣柜 scid_878 scid_753 scid_936 布衣柜 美家选品攻略 scid_756 uid_2742887939 scid_841 必买清单 subjectId_4282141 颗粒板 实木 美家",
            "ck": "POS_2400",
            "_s_": "d",
            "actIntro": "现代服装琳琅满目，花花绿绿，妹子们最爱的就是逛街，出去扫荡一次，提着大包小包的回来，超有满足感有没有，看着一件件美衣在手，别提多美了，美丽的衣裳应该要有美美的衣柜来搭配它们，美衣、美柜你值得拥有。",
            "_pos_": "10",
            "tagText": "清单",
            "channel": "生活巨匠",
            "scm": "1003.1.05806.ACTIVITY_5859980_1125309"
          },
          {
            "id": "Home_B_child_life_cell",
            "style": {
              "pageRatio": 0.432,
              "hGap": "9",
              "scrollMarginRight": "9",
              "padding": [
                "0",
                "0",
                "8",
                "0"
              ],
              "bgColor": "#ffffff",
              "margin": [
                "0",
                "0",
                "0",
                "0"
              ],
              "scrollMarginLeft": "9"
            },
            "items": [
              {
                "ctrClickParam": "tpp_scm=1007.13704.47507.100200300000000;tpp_pvid=d71596c2-83fd-46bf-b51f-43eaabf394fc;clkinfo=201608302_1005_cd_5160315_520018165749_cd",
                "hid": "1005",
                "logoUrl": "https://img.alicdn.com/tps/TB1VmNfNXXXXXbqapXXXXXXXXXX-87-87.png",
                "clkinfo": "201608302_1005_cd_5160315_520018165749_cd",
                "type": "50",
                "itemId": "520018165749",
                "imgUrl": "http://img.alicdn.com/bao/upload/TB1WiKDNXXXXXXYapXXE799_VXX-800-800.jpg",
                "subTitle": "美家",
                "pageParam": "tpp_pvid=d71596c2-83fd-46bf-b51f-43eaabf394fc;tpp_scm=1007.13704.47507.100200300000000;clkinfo=201608302_1005_cd_5160315_520018165749_cd",
                "title": "轻松焕新家",
                "style": {
                  "ratio": 0.814
                },
                "ck": "POS_2527",
                "tppIndex": "0",
                "action": "https://pages.tmall.com/wow/jz/act/meijia?acm=201608302.1003.1.1088299&syncIds=520018165749&aldid=686uDtge&from=mksy&scm=1003.1.201608302.CHANNEL_1005_1088299&pos=1",
                "exposureParam": "//ac.mmstat.com/1.gif?tpp_scm=1007.13704.47507.100200300000000&tpp_pvid=d71596c2-83fd-46bf-b51f-43eaabf394fc"
              },
              {
                "ctrClickParam": "tpp_scm=1007.13704.47507.100200300000000;tpp_pvid=d71596c2-83fd-46bf-b51f-43eaabf394fc;clkinfo=201608302_3001_cd_5187611_529088244017_cd",
                "hid": "3001",
                "logoUrl": "https://img.alicdn.com/tps/TB1h_JQNXXXXXXoXpXXXXXXXXXX-87-87.png",
                "clkinfo": "201608302_3001_cd_5187611_529088244017_cd",
                "type": "50",
                "itemId": "529088244017",
                "imgUrl": "http://img.alicdn.com/bao/upload/TB1ome1NXXXXXbOXFXXE799_VXX-800-800.jpg",
                "subTitle": "生活家",
                "pageParam": "tpp_pvid=d71596c2-83fd-46bf-b51f-43eaabf394fc;tpp_scm=1007.13704.47507.100200300000000;clkinfo=201608302_3001_cd_5187611_529088244017_cd",
                "title": "好生活并不贵",
                "style": {
                  "ratio": 0.814
                },
                "ck": "POS_2527",
                "tppIndex": "1",
                "action": "https://www.tmall.com/wow/portal/act/shenghuojia-index?acm=201608302.1003.1.1088299&syncIds=529088244017&aldid=686uDtge&scm=1003.1.201608302.CHANNEL_3001_1088299&pos=2",
                "exposureParam": "//ac.mmstat.com/1.gif?tpp_scm=1007.13704.47507.100200300000000&tpp_pvid=d71596c2-83fd-46bf-b51f-43eaabf394fc"
              },
              {
                "ctrClickParam": "tpp_scm=1007.13704.47507.100200300000000;tpp_pvid=d71596c2-83fd-46bf-b51f-43eaabf394fc;clkinfo=201608302_1004_cd_5301150_520630669451_cd",
                "hid": "1004",
                "logoUrl": "https://img.alicdn.com/tps/TB19A4tNXXXXXXOaXXXXXXXXXXX-87-87.png",
                "clkinfo": "201608302_1004_cd_5301150_520630669451_cd",
                "type": "50",
                "itemId": "520630669451",
                "imgUrl": "http://img.alicdn.com/bao/upload/TB1ir18NXXXXXcFXpXXE799_VXX-800-800.jpg",
                "subTitle": "亲妈",
                "pageParam": "tpp_pvid=d71596c2-83fd-46bf-b51f-43eaabf394fc;tpp_scm=1007.13704.47507.100200300000000;clkinfo=201608302_1004_cd_5301150_520630669451_cd",
                "title": "潮妈宝贝",
                "style": {
                  "ratio": 0.814
                },
                "ck": "POS_2527",
                "tppIndex": "2",
                "action": "https://mom.tmall.com/?acm=201608302.1003.1.1088299&syncIds=520630669451&aldid=686uDtge&scm=1003.1.201608302.CHANNEL_1004_1088299&pos=3",
                "exposureParam": "//ac.mmstat.com/1.gif?tpp_scm=1007.13704.47507.100200300000000&tpp_pvid=d71596c2-83fd-46bf-b51f-43eaabf394fc"
              },
              {
                "ctrClickParam": "tpp_scm=1007.13704.47507.100200300000000;tpp_pvid=d71596c2-83fd-46bf-b51f-43eaabf394fc;clkinfo=201608302_3002_cd_5287414_40680546858_cd",
                "hid": "3002",
                "logoUrl": "https://img.alicdn.com/tps/TB1e2xZNXXXXXaqXXXXXXXXXXXX-87-87.png",
                "clkinfo": "201608302_3002_cd_5287414_40680546858_cd",
                "type": "50",
                "itemId": "40680546858",
                "imgUrl": "http://img.alicdn.com/bao/upload/TB1Ef9SNXXXXXaraXXXE799_VXX-800-800.jpg",
                "subTitle": "逛吃逛吃",
                "pageParam": "tpp_pvid=d71596c2-83fd-46bf-b51f-43eaabf394fc;tpp_scm=1007.13704.47507.100200300000000;clkinfo=201608302_3002_cd_5287414_40680546858_cd",
                "title": "吃货必备",
                "style": {
                  "ratio": 0.814
                },
                "ck": "POS_2527",
                "tppIndex": "3",
                "action": "https://www.tmall.com/wow/grp/act/gc?acm=201608302.1003.1.1088299&syncIds=40680546858&aldid=686uDtge&scm=1003.1.201608302.CHANNEL_3002_1088299&pos=4",
                "exposureParam": "//ac.mmstat.com/1.gif?tpp_scm=1007.13704.47507.100200300000000&tpp_pvid=d71596c2-83fd-46bf-b51f-43eaabf394fc"
              }
            ],
            "lift": "true",
            "type": "10",
            "kind": "row",
            "header": {
              "subTitle": "更多",
              "pageParam": "scm=1003.2.201608307.OTHER_1473634580591_1088439",
              "title": "童乐生活馆",
              "style": {
                "margin": "[0,9,0,9]"
              },
              "subTitleIcon": "https://img.alicdn.com/tps/i4/TB1YOdxNXXXXXcjXVXXwu0bFXXX.png",
              "ck": "POS_2526",
              "action": "https://pages.tmall.com/wow/portal/act/more-channels?acm=201608307.1003.2.1088439&aldid=686uDtge&scm=1003.2.201608307.OTHER_1473634580591_1088439&pos=1",
              "type": "20",
              "header": "true"
            }
          },
          {
            "img2Url": "//img.alicdn.com/imgextra/i1/1121513597/TB2qAJuaqi5V1Bjy1zcXXb0oXXa_!!1121513597-0-fans.jpg",
            "contentType": "list",
            "type": "43",
            "entityType": "ACTIVITY",
            "img1Url": "//img.alicdn.com/imgextra/i1/1121513597/TB2TFVwap15V1Bjy1XaXXaPqVXa_!!1121513597-0-fans.jpg",
            "id": "6450689",
            "pageParam": "id=6450689;pos=11;userId=VCNxiOB0oioDAFKxDq03I++V;page=1;clk_param=6450689_50008165_-1_content_cd;entityType=ACTIVITY;contentType=list;tppScm=1007.13928.48520.100200300000000",
            "title": "宝宝，记得天凉加衣",
            "clk_param": "6450689_50008165_-1_content_cd",
            "actUserType": "11",
            "action": "//content.tmall.com/wow/pegasus/subject/65/1121513597/4756136?id=4756136&acm=05806.1003.1.1125309&aldid=lUPIS8s8&wh_ttid=@phone&wh_header=10&wh_tailer=1&gccpm=6450689.300.11.subject-contentcenter-2052.919288.1332522&wh_middleheader=10&tailer=1&header=11&scm=1003.1.05806.ACTIVITY_6450689_1125309&pos=11",
            "img3Url": "//img.alicdn.com/imgextra/i1/1121513597/TB2aM0sap95V1Bjy0FeXXXyfpXa_!!1121513597-0-fans.jpg",
            "ctrClickParam": "id=6450689;pos=11;userId=VCNxiOB0oioDAFKxDq03I++V;page=1;clk_param=6450689_50008165_-1_content_cd;entityType=ACTIVITY;contentType=list;tppScm=1007.13928.48520.100200300000000",
            "acm": "05806.1003.1.1125309",
            "_self_scm": "1007.13928.48520.100200300000000",
            "cType": "",
            "replace": "true",
            "algo": "true",
            "actUserId": "1780038391",
            "actKeys": "清单 亲妈 童装",
            "ck": "POS_2400",
            "_s_": "d",
            "actIntro": "秋意正浓,明显比一两周前冷了不少，宝宝的秋装也该买了哦",
            "_pos_": "11",
            "tagText": "清单",
            "channel": "柠番",
            "scm": "1003.1.05806.ACTIVITY_6450689_1125309"
          },
          {
            "contentType": "post",
            "entityType": "ACTIVITY",
            "type": "46",
            "id": "6102906",
            "title": "用点淡香薰 生活过成诗",
            "pageParam": "id=6102906;pos=12;userId=VCNxiOB0oioDAFKxDq03I++V;page=1;clk_param=6102906_21_-1_content_cd;entityType=ACTIVITY;contentType=post;tppScm=1007.13928.48520.100200300000000",
            "height": "800.0",
            "clk_param": "6102906_21_-1_content_cd",
            "actUserType": "11",
            "action": "//content.tmall.com/wow/pegasus/subject/65/2175606999/4195698?id=4195698&acm=05806.1003.1.1125309&aldid=lUPIS8s8&wh_ttid=@phone&wh_header=10&wh_tailer=1&gccpm=6102906.300.11.subject-contentcenter-2052.919288.1332522&wh_middleheader=10&tailer=1&header=11&scm=1003.1.05806.ACTIVITY_6102906_1125309&pos=12",
            "ctrClickParam": "id=6102906;pos=12;userId=VCNxiOB0oioDAFKxDq03I++V;page=1;clk_param=6102906_21_-1_content_cd;entityType=ACTIVITY;contentType=post;tppScm=1007.13928.48520.100200300000000",
            "acm": "05806.1003.1.1125309",
            "width": "800.0",
            "_self_scm": "1007.13928.48520.100200300000000",
            "cType": "",
            "imgUrl": "//img.alicdn.com/bao/uploaded/i3/TB1JH1JLpXXXXc.XFXXSutbFXXX.jpg",
            "actUserId": "1114999908",
            "actKeys": "清单 香炉 香薰蜡烛 香薰机 jz",
            "_s_": "d",
            "ck": "POS_2402",
            "actIntro": "点上香薰，养颜怡性，生活惬意舒适",
            "_pos_": "12",
            "tagText": "清单",
            "channel": "简优Life",
            "scm": "1003.1.05806.ACTIVITY_6102906_1125309"
          },
          {
            "img2Url": "//img.alicdn.com/bao/uploaded/i3/TB1Bmt8NpXXXXX3XpXXXXXXXXXX_!!0-item_pic.jpg",
            "contentType": "list",
            "type": "43",
            "entityType": "ACTIVITY",
            "img1Url": "//img.alicdn.com/bao/uploaded/i1/TB1BjAvKXXXXXXjXFXXXXXXXXXX_!!0-item_pic.jpg",
            "id": "6206600",
            "pageParam": "id=6206600;pos=13;userId=VCNxiOB0oioDAFKxDq03I++V;page=1;clk_param=6206600_50008164_-1_content_cd;entityType=ACTIVITY;contentType=list;tppScm=1007.13928.48520.100200300000000",
            "title": "简约不将就，时尚达人的现代风客厅",
            "clk_param": "6206600_50008164_-1_content_cd",
            "actUserType": "8",
            "action": "//content.tmall.com/wow/pegasus/subject/0/53010583/4541409?id=4541409&acm=05806.1003.1.1125309&aldid=lUPIS8s8&wh_header=10&wh_tailer=1&gccpm=6206600.503.8.link4taobaodaren.919973.1332522&wh_middleheader=10&tailer=1&header=1&pg1stepk=ucm:tmmj_0_5696716706_53010583&scm=1003.1.05806.ACTIVITY_6206600_1125309&pos=13",
            "img3Url": "//img.alicdn.com/bao/uploaded/i3/1674193755/TB2SRa4XVHzQeBjSZFHXXbwZpXa_!!1674193755.jpg",
            "ctrClickParam": "id=6206600;pos=13;userId=VCNxiOB0oioDAFKxDq03I++V;page=1;clk_param=6206600_50008164_-1_content_cd;entityType=ACTIVITY;contentType=list;tppScm=1007.13928.48520.100200300000000",
            "acm": "05806.1003.1.1125309",
            "_self_scm": "1007.13928.48520.100200300000000",
            "cType": "",
            "imgUrl": "//img.alicdn.com/bao/uploaded/i3/TB22jomaqbyQeBjy1XbXXa9yXXa_!!0-dgshop.jpg",
            "algo": "true",
            "actUserId": "711882586",
            "actKeys": "scid_1175 吸顶灯 地毯 现代简约风 茶几 uid_53010583 isv_true scid_888 scid_878 scid_753 scid_936 壁纸 scid_756 朱星 必买清单 nick_小资生活控 biz_crowd_pass 美家",
            "ck": "POS_2400",
            "_s_": "d",
            "actIntro": "想为家增添时尚气息，现代简约风格再合适不过。简约的线条和造型，多黑白纯色的运用尽显高端的时尚感，客厅的现代设计尤为重要，单品选得好，家居风格也轻松晋升时尚达人，尽显高格品味。",
            "_pos_": "13",
            "tagText": "清单",
            "channel": "小资生活控",
            "scm": "1003.1.05806.ACTIVITY_6206600_1125309"
          },
          {
            "img2Url": "//img.alicdn.com/bao/uploaded/i2/TB1AXM4KpXXXXXrXXXXXXXXXXXX_!!0-item_pic.jpg",
            "contentType": "list",
            "type": "43",
            "entityType": "ACTIVITY",
            "img1Url": "//img.alicdn.com/bao/uploaded/i3/TB1W73vHXXXXXcUXFXXXXXXXXXX_!!0-item_pic.jpg",
            "id": "5906880",
            "pageParam": "id=5906880;pos=14;userId=VCNxiOB0oioDAFKxDq03I++V;page=1;clk_param=5906880_50020674_-1_content_cd;entityType=ACTIVITY;contentType=list;tppScm=1007.13928.48520.100200300000000",
            "title": "打造令人惊艳的家用小吧台",
            "clk_param": "5906880_50020674_-1_content_cd",
            "actUserType": "8",
            "action": "//content.tmall.com/wow/pegasus/subject/0/654165414/4274827?id=4274827&acm=05806.1003.1.1125309&aldid=lUPIS8s8&wh_header=10&wh_tailer=1&gccpm=5906880.503.8.link4taobaodaren.919973.1332522&wh_middleheader=10&tailer=1&header=10&pg1stepk=ucm:tmb_0_5656650709_654165414&scm=1003.1.05806.ACTIVITY_5906880_1125309&pos=14",
            "img3Url": "//img.alicdn.com/bao/uploaded/i1/TB13ZdXKXXXXXcEXXXXXXXXXXXX_!!2-item_pic.png",
            "ctrClickParam": "id=5906880;pos=14;userId=VCNxiOB0oioDAFKxDq03I++V;page=1;clk_param=5906880_50020674_-1_content_cd;entityType=ACTIVITY;contentType=list;tppScm=1007.13928.48520.100200300000000",
            "acm": "05806.1003.1.1125309",
            "_self_scm": "1007.13928.48520.100200300000000",
            "cType": "",
            "imgUrl": "//img.alicdn.com/bao/uploaded/i3/TB2yyEXtpXXXXcIXXXXXXXXXXXX_!!0-dgshop.jpg",
            "algo": "true",
            "actUserId": "1640491096",
            "actKeys": "uid_654165414 吧台桌椅 isv_true 红酒架 灯饰 scid_878 scid_753 scid_936 scid_756 subjectId_4274827 YJJ 必买清单 小生活家 nick_发现慢生活 美家",
            "ck": "POS_2400",
            "_s_": "d",
            "actIntro": "悠闲时光坐在高脚椅上喝点咖啡发发呆，或者三五好友一起喝点小酒聊聊天，何不是一大生活享受呢。复古简约的吧台桌椅，造型别致的吊灯，当然少不了各式各样的红酒架，碰撞在一起会给你怎么样的惊喜呢？快一起来看今日推荐吧！",
            "_pos_": "14",
            "tagText": "清单",
            "channel": "发现慢生活",
            "scm": "1003.1.05806.ACTIVITY_5906880_1125309"
          },
          {
            "id": "Home_B_it_cell",
            "style": {
              "hGap": "9",
              "pageRatio": 0.432,
              "margin": [
                "0",
                "0",
                "0",
                "0"
              ],
              "padding": [
                "0",
                "0",
                "8",
                "0"
              ],
              "scrollMarginLeft": "9",
              "bgColor": "#FFFFFF",
              "pageWidth": "162",
              "scrollMarginRight": "9"
            },
            "items": [
              {
                "imgUrl": "https://img.alicdn.com/tps/i4/TB1ZxSxMVXXXXXzXFXXSutbFXXX.jpg",
                "subTitle": "it爱好者",
                "pageParam": "scm=1003.2.201608303.OTHER_1472281176290_1088575",
                "title": "iphone7现货",
                "style": {
                  "ratio": 0.814
                },
                "ck": "POS_2529",
                "action": "https://xinshoufa.tmall.com/3c/it/home/index?acm=201608303.1003.2.1088575&aldid=686uDtge&scm=1003.2.201608303.OTHER_1472281176290_1088575&pos=1",
                "logoUrl": "https://img.alicdn.com/tps/i4/TB1z0FMNXXXXXamXVXXwu0bFXXX.png",
                "type": "50"
              },
              {
                "imgUrl": "http://img.alicdn.com/bao/upload/TB1ZtpcKFXXXXcHaXXXE799_VXX-800-800.jpg",
                "subTitle": "电器城",
                "pageParam": "scm=1003.2.201608303.OTHER_1476066610453_1088575",
                "title": "十点抢券",
                "style": {
                  "ratio": 0.814
                },
                "ck": "POS_2529",
                "action": "https://3c.tmall.com?acm=201608303.1003.2.1088575&aldid=686uDtge&scm=1003.2.201608303.OTHER_1476066610453_1088575&pos=2",
                "logoUrl": "https://img.alicdn.com/tps/i4/TB11HlRNXXXXXaxXFXXwu0bFXXX.png",
                "type": "50"
              },
              {
                "imgUrl": "https://img.alicdn.com/tps/i4/TB1UOBMNXXXXXXyXpXXwu0bFXXX.png",
                "subTitle": "天天搞机",
                "pageParam": "scm=1003.2.201608303.OTHER_1473499525967_1088575",
                "title": "精选好手机",
                "style": {
                  "ratio": 0.814
                },
                "ck": "POS_2529",
                "action": "https://shouji.tmall.com?acm=201608303.1003.2.1088575&aldid=686uDtge&scm=1003.2.201608303.OTHER_1473499525967_1088575&pos=3",
                "logoUrl": "https://img.alicdn.com/tps/i4/TB1y7qXNXXXXXb1XXXXwu0bFXXX.png",
                "type": "50"
              }
            ],
            "lift": "true",
            "type": "10",
            "kind": "row",
            "header": {
              "subTitle": "更多",
              "pageParam": "scm=1003.2.201608308.OTHER_1474669601447_1089296",
              "title": "数码潮人馆",
              "style": {
                "margin": "[0,9,0,9]"
              },
              "subTitleIcon": "https://img.alicdn.com/tps/i4/TB1YOdxNXXXXXcjXVXXwu0bFXXX.png",
              "ck": "POS_2528",
              "action": "https://pages.tmall.com/wow/portal/act/more-channels?acm=201608308.1003.2.1089296&aldid=686uDtge&scm=1003.2.201608308.OTHER_1474669601447_1089296&pos=1",
              "type": "20",
              "header": "true"
            }
          },
          {
            "img2Url": "//img.alicdn.com/bao/uploaded/i4/TB1EXrTNXXXXXcdXXXXXXXXXXXX_!!0-item_pic.jpg",
            "contentType": "list",
            "type": "43",
            "entityType": "ACTIVITY",
            "img1Url": "//img.alicdn.com/bao/uploaded/i4/TB1Ys8pNpXXXXbbapXXXXXXXXXX_!!0-item_pic.jpg",
            "id": "6536343",
            "pageParam": "id=6536343;pos=15;userId=VCNxiOB0oioDAFKxDq03I++V;page=1;clk_param=6536343_50012341_-1_content_cd;entityType=ACTIVITY;contentType=list;tppScm=1007.13928.48520.100200300000000",
            "title": "畅跑随性运动鞋，国庆节出游必备",
            "clk_param": "6536343_50012341_-1_content_cd",
            "actUserType": "8",
            "action": "//content.tmall.com/wow/pegasus/subject/0/2765223901/4851774?id=4851774&acm=05806.1003.1.1125309&aldid=lUPIS8s8&wh_header=10&wh_tailer=1&gccpm=6536343.503.8.link4taobaodaren.919973.1332522&wh_middleheader=10&tailer=1&header=1&pg1stepk=ucm:tmb_0_5723271164_2765223901&scm=1003.1.05806.ACTIVITY_6536343_1125309&pos=15",
            "img3Url": "//img.alicdn.com/bao/uploaded/i3/TB1GvroKpXXXXc4XpXXXXXXXXXX_!!0-item_pic.jpg",
            "ctrClickParam": "id=6536343;pos=15;userId=VCNxiOB0oioDAFKxDq03I++V;page=1;clk_param=6536343_50012341_-1_content_cd;entityType=ACTIVITY;contentType=list;tppScm=1007.13928.48520.100200300000000",
            "acm": "05806.1003.1.1125309",
            "_self_scm": "1007.13928.48520.100200300000000",
            "cType": "",
            "imgUrl": "//img.alicdn.com/bao/uploaded/i3/TB2010SXmzC11BjSszhXXbGVFXa_!!0-dgshop.jpg",
            "algo": "true",
            "actUserId": "2201491968",
            "actKeys": "uid_2765223901 舒适 运动鞋 isv_true scid_888 女童 scid_878 儿童 scid_756 nick_温柔的呵护 秋款 男童 scid_625 白搭",
            "ck": "POS_2400",
            "_s_": "d",
            "actIntro": "“千里之行，始于足下”，在国庆节到来之际，爸比妈咪带宝贝出游，怎么也应该准备一款轻便材质，舒适合脚,防撞耐磨的运动鞋,好让宝贝畅跑随性，自由驰骋，在愉快游玩的同时，还能保护小脚丫不受伤害。",
            "_pos_": "15",
            "tagText": "清单",
            "channel": "温柔的呵护",
            "scm": "1003.1.05806.ACTIVITY_6536343_1125309"
          },
          {
            "img2Url": "//img.alicdn.com/bao/uploaded/i3/TB1PVLEKVXXXXXMaXXXXXXXXXXX_!!0-item_pic.jpg",
            "contentType": "list",
            "type": "43",
            "entityType": "ACTIVITY",
            "img1Url": "//img.alicdn.com/bao/uploaded/i2/TB19JA0NXXXXXbCXXXXXXXXXXXX_!!0-item_pic.jpg",
            "id": "5246013",
            "pageParam": "id=5246013;pos=16;userId=VCNxiOB0oioDAFKxDq03I++V;page=1;clk_param=5246013_27_-1_content_cd;entityType=ACTIVITY;contentType=list;tppScm=1007.13928.48520.100200300000000",
            "title": "新中式卧房是很多年轻人的最爱",
            "clk_param": "5246013_27_-1_content_cd",
            "actUserType": "8",
            "action": "//content.tmall.com/wow/pegasus/subject/0/559250859/4432793?id=4432793&acm=05806.1003.1.1125309&aldid=lUPIS8s8&wh_header=10&wh_tailer=1&gccpm=5246013.503.8.link4taobaodaren.919973.1332522&wh_middleheader=10&tailer=1&header=10&pg1stepk=ucm:tmb_0_5599872200_559250859&scm=1003.1.05806.ACTIVITY_5246013_1125309&pos=16",
            "img3Url": "//img.alicdn.com/bao/uploaded/i3/2089317840/TB2RMDEXVXXXXXMXXXXXXXXXXXX_!!2089317840.jpg",
            "ctrClickParam": "id=5246013;pos=16;userId=VCNxiOB0oioDAFKxDq03I++V;page=1;clk_param=5246013_27_-1_content_cd;entityType=ACTIVITY;contentType=list;tppScm=1007.13928.48520.100200300000000",
            "acm": "05806.1003.1.1125309",
            "_self_scm": "1007.13928.48520.100200300000000",
            "cType": "",
            "imgUrl": "//img.alicdn.com/bao/uploaded/i3/TB2yZsVpVXXXXcXXpXXXXXXXXXX_!!2-dgshop.png",
            "algo": "true",
            "actUserId": "711882586",
            "actKeys": "天猫美家 subjectId_4432793 isv_true scid_888 花鸟图案壁纸 绣花窗帘 scid_753 实木双人床 scid_756 必买清单 uid_559250859 nick_家居的元素 中式落地台灯 scid_799",
            "ck": "POS_2400",
            "_s_": "d",
            "actIntro": "如今有很多年轻人感受到了新中式卧房的魅力，用唯美的花鸟图案壁纸装饰床头背景墙，看上去别具韵味。线条简约，气质典雅的实木双人床呈现出别样的美感。新中式风格的家具没有繁复的装饰，中式落地台灯既起到照明作用，又兼具装饰性功能。窗帘让整个空间看上去典雅大气",
            "_pos_": "16",
            "tagText": "清单",
            "channel": "家居的元素",
            "scm": "1003.1.05806.ACTIVITY_5246013_1125309"
          },
          {
            "contentType": "post",
            "entityType": "ACTIVITY",
            "type": "46",
            "id": "6324389",
            "title": "美的吸尘器99大促",
            "pageParam": "id=6324389;pos=17;userId=VCNxiOB0oioDAFKxDq03I++V;page=1;clk_param=6324389_50012100_-1_content_cd;entityType=ACTIVITY;contentType=post;tppScm=1007.13928.48520.100200300000000",
            "height": "800.0",
            "clk_param": "6324389_50012100_-1_content_cd",
            "actUserType": "2",
            "action": "//content.tmall.com/wow/pegasus/subject/0/2962914566/4621124?id=4621124&acm=05806.1003.1.1125309&aldid=lUPIS8s8&wh_ttid=@phone&wh_header=1&wh_tailer=1&gccpm=6324389.300.2.subject-1001.919288.1332522&tailer=1&header=1&scm=1003.1.05806.ACTIVITY_6324389_1125309&pos=17",
            "ctrClickParam": "id=6324389;pos=17;userId=VCNxiOB0oioDAFKxDq03I++V;page=1;clk_param=6324389_50012100_-1_content_cd;entityType=ACTIVITY;contentType=post;tppScm=1007.13928.48520.100200300000000",
            "acm": "05806.1003.1.1125309",
            "width": "800.0",
            "_self_scm": "1007.13928.48520.100200300000000",
            "cType": "",
            "imgUrl": "//img.alicdn.com/bao/uploaded/i3/TB14m8RNXXXXXXxXXXXSutbFXXX.jpg",
            "actUserId": "2962914566",
            "actKeys": "智能家电 数码控 生活家 帖子",
            "_s_": "d",
            "ck": "POS_2402",
            "actIntro": "美的集团专注白色家电三十余年、品牌直营、全国联保、30天无理由退换 世界500强知名品牌，买吸尘器选择美的骁玛专官方卖店。",
            "_pos_": "17",
            "tagText": "帖子",
            "channel": "midea美的骁玛专卖店",
            "scm": "1003.1.05806.ACTIVITY_6324389_1125309"
          },
          {
            "img2Url": "//img.alicdn.com/bao/uploaded/i4/TB1s_zyKXXXXXcCXXXXXXXXXXXX_!!0-item_pic.jpg",
            "contentType": "list",
            "type": "43",
            "entityType": "ACTIVITY",
            "img1Url": "//img.alicdn.com/bao/uploaded/i1/TB1yD87HFXXXXbtXpXXXXXXXXXX_!!0-item_pic.jpg",
            "id": "6309973",
            "pageParam": "id=6309973;pos=18;userId=VCNxiOB0oioDAFKxDq03I++V;page=1;clk_param=6309973_50006078_-1_content_cd;entityType=ACTIVITY;contentType=list;tppScm=1007.13928.48520.100200300000000",
            "title": "宝宝三轮推车，避震性能更优异",
            "clk_param": "6309973_50006078_-1_content_cd",
            "actUserType": "8",
            "action": "//content.tmall.com/wow/pegasus/subject/0/1654833374/4605318?id=4605318&acm=05806.1003.1.1125309&aldid=lUPIS8s8&wh_header=10&wh_tailer=1&gccpm=6309973.503.8.link4taobaodaren.919973.1332522&wh_middleheader=10&tailer=1&header=1&pg1stepk=ucm:tmb_0_5702516638_1654833374&scm=1003.1.05806.ACTIVITY_6309973_1125309&pos=18",
            "img3Url": "//img.alicdn.com/bao/uploaded/i4/TB1ZJtXKVXXXXatXXXXXXXXXXXX_!!0-item_pic.jpg",
            "ctrClickParam": "id=6309973;pos=18;userId=VCNxiOB0oioDAFKxDq03I++V;page=1;clk_param=6309973_50006078_-1_content_cd;entityType=ACTIVITY;contentType=list;tppScm=1007.13928.48520.100200300000000",
            "acm": "05806.1003.1.1125309",
            "_self_scm": "1007.13928.48520.100200300000000",
            "cType": "",
            "imgUrl": "//img.alicdn.com/bao/uploaded/i3/TB2JYdiXX95V1Bjy0FgXXc2vFXa_!!0-dgshop.jpg",
            "algo": "true",
            "actUserId": "2291004653",
            "actKeys": "scid_465 uid_1654833374 isv_true 三轮车 可折叠 scid_878 推车 scid_756 可骑行 亲妈宝宝出行 必买清单 脚踏车 nick_Happy喜羊羊 天猫母婴",
            "ck": "POS_2400",
            "_s_": "d",
            "actIntro": "宝宝推车多种多样，大多数宝妈都会选择四轮推车，其实有时候三轮推车比四轮推车更合适。三角形有优良的稳定性，而且只有一个转向轮，转弯更灵活，所以三轮推车更适合路况较差的出行条件下使用，优异的避震性能也能更好的保护宝宝，不会由于过度颠簸给宝宝造成伤害。",
            "_pos_": "18",
            "tagText": "清单",
            "channel": "Happy喜羊羊",
            "scm": "1003.1.05806.ACTIVITY_6309973_1125309"
          },
          {
            "id": "Home_B_honor_brand_cell",
            "style": {
              "scrollMarginLeft": "9",
              "padding": [
                "0",
                "0",
                "8",
                "0"
              ],
              "hGap": "9",
              "scrollMarginRight": "9",
              "pageRatio": 0.432,
              "margin": [
                "0",
                "0",
                "0",
                "0"
              ],
              "bgColor": "#ffffff"
            },
            "items": [
              {
                "imgUrl": "https://img.alicdn.com/imgextra/i4/2670830951/TB2FJFsXGi5V1BjSspeXXcWPFXa_!!2670830951.jpg",
                "subTitle": "品牌店庆",
                "pageParam": "scm=1003.2.201608304.OTHER_1472716817161_1078164",
                "title": "低价买大牌",
                "style": {
                  "ratio": 0.814
                },
                "ck": "POS_2599",
                "action": "https://pages.tmall.com/wow/brand/act/celebration?acm=201608304.1003.2.1078164&aldid=686uDtge&scm=1003.2.201608304.OTHER_1472716817161_1078164&pos=1",
                "logoUrl": "https://img.alicdn.com/tps/i4/TB1nhaXNXXXXXazXXXXwu0bFXXX.png",
                "type": "50"
              },
              {
                "imgUrl": "https://img.alicdn.com/imgextra/i2/2670830951/TB27RnuXX95V1Bjy0FgXXc2vFXa_!!2670830951.jpg",
                "subTitle": "大牌入驻",
                "pageParam": "scm=1003.2.201608304.OTHER_1474191061608_1078164",
                "title": "星光大道",
                "style": {
                  "ratio": 0.814
                },
                "ck": "POS_2599",
                "action": "https://brand.tmall.com/brandstreet-m/station?acm=201608304.1003.2.1078164&aldid=686uDtge&scm=1003.2.201608304.OTHER_1474191061608_1078164&pos=2",
                "logoUrl": "https://img.alicdn.com/tps/i4/TB1JdSaNXXXXXX_XXXXwu0bFXXX.png",
                "type": "50"
              },
              {
                "imgUrl": "https://img.alicdn.com/imgextra/i2/2670830951/TB2D.4oXGi5V1BjSsphXXaEpXXa_!!2670830951.jpg",
                "subTitle": "品牌街",
                "pageParam": "scm=1003.2.201608304.OTHER_1473464812673_1078164",
                "title": "秋日上新",
                "style": {
                  "ratio": 0.814
                },
                "ck": "POS_2599",
                "action": "https://www.tmall.com/wow/brand/act/fashion?acm=201608304.1003.2.1078164&aldid=686uDtge&scm=1003.2.201608304.OTHER_1473464812673_1078164&pos=3",
                "logoUrl": "https://img.alicdn.com/tps/i4/TB1v_VwNXXXXXc6aXXXwu0bFXXX.png",
                "type": "50"
              }
            ],
            "lift": "true",
            "type": "10",
            "kind": "row",
            "header": {
              "subTitle": "更多",
              "pageParam": "scm=1003.2.201608309.OTHER_1471899112330_1088434",
              "title": "大牌臻品馆",
              "style": {
                "margin": "[0,9,0,9]"
              },
              "subTitleIcon": "https://img.alicdn.com/tps/i4/TB1YOdxNXXXXXcjXVXXwu0bFXXX.png",
              "ck": "POS_2598",
              "action": "https://pages.tmall.com/wow/portal/act/more-channels?acm=201608309.1003.2.1088434&aldid=686uDtge&scm=1003.2.201608309.OTHER_1471899112330_1088434&pos=1",
              "type": "20",
              "header": "true"
            }
          },
          {
            "img2Url": "http://img.alicdn.com/bao/uploaded/i2/TB1_VqkHFXXXXcyXpXXXXXXXXXX_!!0-item_pic.jpg",
            "contentType": "list",
            "type": "43",
            "entityType": "ACTIVITY",
            "img1Url": "http://img.alicdn.com/bao/uploaded/i3/2353042150/TB2hvqTdXXXXXbhXXXXXXXXXXXX_!!2353042150.jpg",
            "id": "5594107",
            "pageParam": "id=5594107;pos=19;userId=VCNxiOB0oioDAFKxDq03I++V;page=1;clk_param=5594107_50024675_-1_content_cd;entityType=ACTIVITY;contentType=list;tppScm=1007.13928.48520.100200300000000",
            "title": "精致古韵台灯 点缀典雅卧室风情",
            "clk_param": "5594107_50024675_-1_content_cd",
            "actUserType": "8",
            "action": "//content.tmall.com/wow/pegasus/subject/0/769899913/4381225?id=4381225&acm=05806.1003.1.1125309&aldid=lUPIS8s8&wh_header=10&wh_tailer=1&gccpm=5594107.503.8.link4taobaodaren.919973.1332522&wh_middleheader=10&tailer=1&header=1&pg1stepk=ucm:tmmj_0_5635004950_769899913&scm=1003.1.05806.ACTIVITY_5594107_1125309&pos=19",
            "img3Url": "http://img.alicdn.com/bao/uploaded/i1/T1SyjGFhFXXXXXXXXX_!!0-item_pic.jpg",
            "ctrClickParam": "id=5594107;pos=19;userId=VCNxiOB0oioDAFKxDq03I++V;page=1;clk_param=5594107_50024675_-1_content_cd;entityType=ACTIVITY;contentType=list;tppScm=1007.13928.48520.100200300000000",
            "acm": "05806.1003.1.1125309",
            "_self_scm": "1007.13928.48520.100200300000000",
            "cType": "",
            "imgUrl": "//img.alicdn.com/bao/uploaded/i3/TB2dmQvspXXXXcXXpXXXXXXXXXX_!!0-dgshop.jpg",
            "actUserId": "2353042150",
            "actKeys": "uid_769899913 生活家 subjectId_4381225 品质美家 isv_true scid_888 nick_考拉爱上山猫 scid_878 中国质造 scid_753 scid_936 scid_756 点缀卧室 古韵台灯 典雅风情",
            "ck": "POS_2400",
            "_s_": "d",
            "actIntro": "灯具看似并不是很重要，但是家居最必不可少的就是它，它除了有照明的功效外，还能有效地渲染家居气氛，点缀家居风格。不少人都钟爱与中式风格的灯具，被它那浓浓的中国味所吸引，精致的镂空雕花、充满古韵的材质，都为中式灯具加分。",
            "_pos_": "19",
            "tagText": "清单",
            "channel": "考拉爱上山猫",
            "scm": "1003.1.05806.ACTIVITY_5594107_1125309"
          },
          {
            "id": "Home_B_global_brand_cell",
            "style": {
              "scrollMarginLeft": "9",
              "bgColor": "#ffffff",
              "pageRatio": 0.432,
              "margin": [
                "0",
                "0",
                "0",
                "0"
              ],
              "scrollMarginRight": "9",
              "hGap": "9",
              "padding": [
                "0",
                "0",
                "8",
                "0"
              ]
            },
            "items": [
              {
                "imgUrl": "https://img.alicdn.com/imgextra/i4/2670830951/TB2xOtpaqe5V1BjSspkXXcoqpXa_!!2670830951.jpg",
                "subTitle": "环球口碑榜",
                "pageParam": "scm=1003.2.201608300.OTHER_1475744747691_1078155",
                "title": "海外最值得买",
                "style": {
                  "ratio": 0.814
                },
                "ck": "POS_2523",
                "action": "https://pages.tmall.com/wow/globalRank/act/globalrank-index?acm=201608300.1003.2.1078155&aldid=686uDtge&scm=1003.2.201608300.OTHER_1475744747691_1078155&pos=1",
                "logoUrl": "https://img.alicdn.com/tps/i4/TB1CgecNXXXXXaNXXXXwu0bFXXX.png",
                "type": "50"
              },
              {
                "imgUrl": "https://img.alicdn.com/tps/i4/TB1uIXCNpXXXXauapXXSutbFXXX.jpg",
                "subTitle": "全球精品",
                "pageParam": "scm=1003.2.201608300.OTHER_1474680323970_1078155",
                "title": "比海外更便宜",
                "style": {
                  "ratio": 0.814
                },
                "ck": "POS_2523",
                "action": "https://ju.taobao.com/m/jusp/nv/globaltmall/mtp.htm?acm=201608300.1003.2.1078155&aldid=686uDtge&scm=1003.2.201608300.OTHER_1474680323970_1078155&pos=2",
                "logoUrl": "https://img.alicdn.com/tps/i4/TB1uuRZNXXXXXcGXpXXwu0bFXXX.png",
                "type": "50"
              },
              {
                "imgUrl": "https://img.alicdn.com/imgextra/i1/2670830951/TB2Ula8blLzQeBjSZFjXXcscpXa_!!2670830951.jpg",
                "subTitle": "魅力惠",
                "pageParam": "scm=1003.2.201608300.OTHER_1475199399561_1078155",
                "title": "探秘你的风格",
                "style": {
                  "ratio": 0.814
                },
                "ck": "POS_2523",
                "action": "https://www.tmall.com/wow/mlh/act/meilihui?acm=201608300.1003.2.1078155&aldid=686uDtge&scm=1003.2.201608300.OTHER_1475199399561_1078155&pos=3",
                "logoUrl": "https://img.alicdn.com/tps/i4/TB1ADxCNXXXXXX7aXXXwu0bFXXX.png",
                "type": "50"
              }
            ],
            "lift": "true",
            "type": "10",
            "kind": "row",
            "header": {
              "subTitle": "更多",
              "pageParam": "scm=1003.2.201608305.OTHER_1472308113858_1088448",
              "title": "环球精品馆",
              "style": {
                "margin": "[0,9,0,9]"
              },
              "subTitleIcon": "https://img.alicdn.com/tps/i4/TB1YOdxNXXXXXcjXVXXwu0bFXXX.png",
              "ck": "POS_2522",
              "action": "https://pages.tmall.com/wow/portal/act/more-channels?acm=201608305.1003.2.1088448&aldid=686uDtge&scm=1003.2.201608305.OTHER_1472308113858_1088448&pos=1",
              "type": "20",
              "header": "true"
            }
          }
        ],
        "load": "com.tmall.yosemite.home.queryHome",
        "loadType": "1",
        "hasMore": "false",
        "lift": "false",
        "pos": "0"
      }
    ]
  }
}