[
    {
        "packageName": "com.baidu.search.plugins.safeurl",
        "minVersion": "9",
        "dataType": 2
    },
    {
        "packageName": "com.baidu.tieba",
        "minVersion": "101196544",
        "dataType": 2
    },
    {
        "packageName": "com.baidu.rigel.bridgeclient",
        "minVersion": "10",
        "dataType": 2
    },
    {
        "packageName": "com.baidu.music.plugin.audiocore",
        "minVersion": "1110",
        "dataType": 2
    },
    {
        "packageName": "com.baidu.iknow.kuang",
        "minVersion": "206",
        "dataType": 2
    },
    {
        "packageName": "com.baidu.appsearch",
        "minVersion": "16785361",
        "dataType": 2
    },
    {
        "packageName": "com.baidu.news",
        "minVersion": "4227",
        "dataType": 2
    },
    {
        "packageName": "com.baidu.baidumaps.dumap.plugin",
        "minVersion": "10",
        "dataType": 2
    },
    {
        "packageName": "com.baidu.cplug",
        "minVersion": "2",
        "dataType": 2
    },
    {
        "packageName": "com.baidu.music.lebo.plugin",
        "minVersion": "124",
        "dataType": 2
    },
    {
        "packageName": "com.baidu.music.plugin",
        "minVersion": "1011",
        "dataType": 2
    },
    {
        "packageName": "com.baidu.searchbox.takeout",
        "minVersion": "38",
        "dataType": 2
    },
    {
        "packageName": "com.baidu.movieaps",
        "minVersion": "16",
        "dataType": 2
    },
    {
        "packageName": "com.baidu.fb",
        "minVersion": "10307",
        "dataType": 2
    }
]
