[
  {
    "packageName": "com.baidu.search.plugins.safeurl",
    "minVersion": "13",
    "dataType": 2
  },
  {
    "packageName": "com.baidu.tieba",
    "minVersion": "101197568",
    "dataType": 2
  },
  {
    "packageName": "com.baidu.rigel.bridgeclient",
    "minVersion": "21",
    "dataType": 2
  },
  {
    "packageName": "com.baidu.iknow.kuang",
    "minVersion": "217",
    "dataType": 2
  },
  {
    "packageName": "com.baidu.appsearch",
    "minVersion": "16785365",
    "dataType": 2
  },
  {
    "packageName": "com.baidu.components.hotel",
    "minVersion": "10",
    "dataType": 2
  },
  {
    "packageName": "com.baidu.zhida",
    "minVersion": "3",
    "dataType": 2
  },
  {
    "packageName": "com.baidu.news",
    "minVersion": "4236",
    "dataType": 2
  },
  {
    "packageName": "com.baidu.baidumaps.dumap.plugin",
    "minVersion": "11",
    "dataType": 2
  },
  {
    "packageName": "com.baidu.browser.videoplayer",
    "minVersion": "2074",
    "dataType": 2
  },
  {
    "packageName": "com.baidu.music.plugin.audiocore",
    "minVersion": "1111",
    "dataType": 2
  },
  {
    "packageName": "com.baidu.cplug",
    "minVersion": "2",
    "dataType": 2
  },
  {
    "packageName": "com.baidu.music.lebo.plugin",
    "minVersion": "124",
    "dataType": 2
  },
  {
    "packageName": "com.baidu.music.plugin",
    "minVersion": "1111",
    "dataType": 2
  },
  {
    "packageName": "com.baidu.searchbox.takeout",
    "minVersion": "41",
    "dataType": 2
  },
  {
    "packageName": "com.baidu.movieaps",
    "minVersion": "23",
    "dataType": 2
  },
  {
    "packageName": "com.baidu.fb",
    "minVersion": "10307",
    "dataType": 2
  }
]