[
  {
    "visible": true,
    "cmdList": "[]",
    "installTip": "",
    "packageName": "com.baidu.searchbox.tts.plugin",
    "accessable": true,
    "realtimeUpload": true,
    "behavior": "{\"wifi\":\"1\",\"issilence\":\"1\"}",
    "removable": false,
    "dependence": "",
    "version": "13",
    "invokeMethods": "[]",
    "description": "将文字朗读出来，情绪饱满，发音准确。让您的双眼可以休息一下。出于帮助您节省流量的考虑，需要您在第一次使用时，下载一个离线文件，请您理解。",
    "name": "语音朗读插件",
    "minVersion": "13",
    "md5": "",
    "signature": "",
    "apkSize": "",
    "cardWhitelist": ""
  },
  {
    "packageName": "com.baidu.searchbox.reader",
    "visible": true,
    "behavior": "{\"wifi\":\"1\",\"issilence\":\"1\"}",
    "removable": false,
    "version": "1000",
    "description": "舒适的阅读体验，提供整本离线、夜间模式、休息提醒等多项贴心功能。",
    "name": "小说阅读器",
    "minVersion": "1000",
    "signature": "",
    "installTip": "",
    "cmdList": "[{\"openable\":\"1\",\"default\":\"1\",\"name\":\"进入小说频道\",\"command\":{\"class\":\"com.baidu.searchbox.discovery.novel.NovelHomeActivity\",\"min_v\":\"16785920\",\"intent\":\"intent:#Intent;action=com.baidu.searchbox.discovery.novel.NovelHomeActivity;end\",\"mode\":\"0\"},\"type\":\"command\"}]",
    "accessable": true,
    "realtimeUpload": true,
    "dependence": "",
    "invokeMethods": "[]",
    "md5": "",
    "apkSize": "",
    "cardWhitelist": ""
  },
  {
    "packageName": "com.baidu.searchbox.godeye",
    "visible": true,
    "behavior": "{\"wifi\":\"1\",\"issilence\":\"1\"}",
    "removable": false,
    "version": "14002",
    "description": "拍照搜索，让搜索重回双眼！拍题目、拍药品识别更准确！拍花卉，知名称晓品种；拍果蔬，查热量看菜谱。搜索新方式，拍一拍，你就知道。",
    "name": "拍照搜索",
    "minVersion": "14002",
    "signature": "",
    "installTip": "",
    "cmdList": "[{\"openable\":\"1\",\"default\":\"1\",\"name\":\"开始搜索\",\"command\":{\"class\":\"com.baidu.searchbox.CodeScannerActivity\",\"min_v\":\"16785920\",\"intent\":\"intent:#Intent;action=com.baidu.searchbox.action.SEARCHCOMBINE_BARCODE;S.from=8;end\",\"mode\":\"0\"},\"type\":\"command\"}]",
    "accessable": true,
    "realtimeUpload": true,
    "dependence": "",
    "invokeMethods": "[]",
    "md5": "",
    "apkSize": "",
    "cardWhitelist": ""
  },
  {
    "packageName": "com.baidu.search.plugins.safeurl",
    "visible": true,
    "behavior": "{\"wifi\":\"1\",\"issilence\":\"1\"}",
    "removable": false,
    "version": "17",
    "description": "百度手机卫士提供全面的手机网址检测与防护，安全漏洞、支付隐患一网打尽。",
    "name": "安全网址检测",
    "minVersion": "17",
    "signature": "",
    "installTip": "",
    "cmdList": "",
    "accessable": true,
    "realtimeUpload": false,
    "dependence": "",
    "invokeMethods": "[]",
    "md5": "",
    "apkSize": "",
    "cardWhitelist": ""
  },
  {
    "packageName": "com.baidu.ufosdk",
    "visible": false,
    "behavior": "{\"wifi\":\"0\",\"issilence\":\"0\"}",
    "removable": true,
    "version": "110030",
    "description": "反馈",
    "name": "反馈",
    "minVersion": "110030",
    "signature": "",
    "installTip": "",
    "cmdList": "",
    "accessable": false,
    "realtimeUpload": false,
    "dependence": "",
    "invokeMethods": "[]",
    "md5": "",
    "apkSize": "",
    "cardWhitelist": ""
  },
  {
    "visible": true,
    "packageName": "com.baidu.sumeru.implugin",
    "behavior": "{\"wifi\":\"0\",\"issilence\":\"0\"}",
    "removable": false,
    "version": "24000",
    "description": "百度轻客服，直达商户服务，沟通零距离。",
    "name": "百度轻客服",
    "minVersion": "24000",
    "signature": "",
    "installTip": "",
    "cmdList": "",
    "accessable": false,
    "realtimeUpload": false,
    "dependence": "",
    "invokeMethods": "[]",
    "md5": "",
    "cardWhitelist": "",
    "apkSize": ""
  },
  {
    "cmdList": "[]",
    "installTip": "",
    "visible": true,
    "packageName": "com.baidu.wallet",
    "accessable": true,
    "realtimeUpload": true,
    "behavior": "{\"wifi\":\"1\",\"issilence\":\"1\"}",
    "removable": false,
    "dependence": "",
    "version": "101",
    "invokeMethods": "[]",
    "description": "百度金融页面全新改版升级，提供更专业的金融服务，百度钱包提供安全、稳定的支付及领先的金融服务，严密的风控体系保障资金安全，并提供便捷的生活服务及活动优惠。",
    "name": "百度钱包",
    "md5": "",
    "minVersion": "101",
    "cardWhitelist": "",
    "apkSize": "",
    "signature": ""
  },
  {
    "packageName": "com.nuomi.dcps.plugin",
    "visible": false,
    "behavior": "{\"wifi\":\"1\",\"issilence\":\"1\"}",
    "removable": true,
    "version": "16",
    "description": "糯米组件化，O2O生态利器",
    "name": "百度糯米组件",
    "minVersion": "16",
    "signature": "",
    "installTip": "",
    "cmdList": "[]",
    "accessable": true,
    "realtimeUpload": false,
    "dependence": "",
    "invokeMethods": "[]",
    "md5": "",
    "apkSize": "",
    "cardWhitelist": ""
  },
  {
    "packageName": "com.baidu.appsearch",
    "minVersion": "16785361",
    "dataType": 2
  },
  {
    "packageName": "com.baidu.robot",
    "minVersion": "46",
    "dataType": 2
  },
  {
    "packageName": "com.baidu.speechbundle",
    "minVersion": "99",
    "dataType": 2
  },
  {
    "packageName": "com.baidu.browser.videoplayer",
    "minVersion": "2200",
    "dataType": 2
  },
  {
    "packageName": "com.baidu.components.hotel",
    "minVersion": "7",
    "dataType": 2
  },
  {
    "packageName": "com.baidu.tieba",
    "minVersion": "100731136",
    "dataType": 2
  },
  {
    "packageName": "com.baidu.zhida",
    "minVersion": "2",
    "dataType": 2
  },
  {
    "packageName": "com.baidu.bainuosdk.app",
    "minVersion": "200",
    "dataType": 2
  },
  {
    "packageName": "com.baidu.iknow.kuang",
    "minVersion": "239",
    "dataType": 2
  }
]
