{
  "third": [{
    "pkg": "com.baidu.search.plugins.safeurl",
    "info": [{
      "class": "",
      "method": [{
        "id": "1",
        "name": "su_launch_optimize"
      },
        {
          "id": "10",
          "name": "su_transfer_all_log"
        },
        {
          "id": "11",
          "name": "su_transfer_cuid"
        },
        {
          "id": "12",
          "name": "su_transfer_protected_url_count"
        }]
    }]
  },
    {
      "pkg": "com.baidu.searchbox.godeye",
      "info": [{
        "class": "",
        "method": [{
          "id": "2",
          "name": "imageSearch"
        }]
      }]
    },
    {
      "pkg": "com.baidu.robot",
      "info": [{
        "class": "",
        "method": [{
          "id": "3",
          "name": "callXiaoDu"
        }]
      }]
    },
    {
      "pkg": "com.baidu.robot",
      "info": [{
        "class": "",
        "method": [{
          "id": "4",
          "name": "callXiaoDuShortCut"
        }]
      }]
    },
    {
      "pkg": "com.baidu.news",
      "info": [{
        "class": "",
        "method": [{
          "id": "6",
          "name": "newsmain"
        }]
      }]
    },
    {
      "pkg": "com.baidu.tieba",
      "info": [{
        "class": "",
        "method": [{
          "id": "7",
          "name": "url_invoke"
        },
          {
            "id": "14",
            "name": "startPbActivity"
          },
          {
            "id": "15",
            "name": "startFrsActivity"
          },
          {
            "id": "16",
            "name": "startHotThreadActivity"
          },
          {
            "id": "17",
            "name": "startWriteActivity"
          }]
      }]
    },
    {
      "pkg": "com.baidu.appsearch",
      "info": [{
        "class": "",
        "method": [{
          "id": "8",
          "name": ""
        },
          {
            "id": "9",
            "name": "plugin_appsearch_invoker"
          }]
      }]
    },
    {
      "pkg": "com.baidu.changtingapp",
      "info": [{
        "class": "",
        "method": [{
          "id": "18",
          "name": "startChangTing"
        }]
      }]
    },
    {
      "pkg": "com.baidu.wallet",
      "info": [{
        "class": "",
        "method": [{
          "id": "19",
          "name": "startLightApp"
        }]
      }]
    }],
  "js": {
    "pkg": ["com.baidu.rigel.bridgeclient"],
    "host": ["baidu.com",
      "nuomi.com",
      "www.baifubao.com"]
  }
}