{"version":"bddd502986281a6733b4a78c17d6a374","citylist":{"list":[{"A":[{"code":"185","name":"\u963f\u575d"},{"code":"85","name":"\u963f\u514b\u82cf"},{"code":"731","name":"\u963f\u62c9\u5c14"},{"code":"230","name":"\u963f\u62c9\u5584\u76df"},{"code":"96","name":"\u963f\u52d2\u6cf0"},{"code":"103","name":"\u963f\u91cc"},{"code":"324","name":"\u5b89\u5eb7"},{"code":"130","name":"\u5b89\u5e86"},{"code":"263","name":"\u5b89\u987a"},{"code":"267","name":"\u5b89\u9633"},{"code":"320","name":"\u978d\u5c71"},{"code":"2911","name":"\u6fb3\u95e8"}]},{"B":[{"code":"169","name":"\u5df4\u5f66\u6dd6\u5c14"},{"code":"86","name":"\u5df4\u97f3\u90ed\u695e"},{"code":"239","name":"\u5df4\u4e2d"},{"code":"51","name":"\u767d\u57ce"},{"code":"2359","name":"\u767d\u6c99\u9ece\u65cf\u81ea\u6cbb\u53bf"},{"code":"57","name":"\u767d\u5c71"},{"code":"35","name":"\u767d\u94f6"},{"code":"203","name":"\u767e\u8272"},{"code":"307","name":"\u4fdd\u5b9a"},{"code":"112","name":"\u4fdd\u5c71"},{"code":"1217","name":"\u4fdd\u4ead\u9ece\u65cf\u82d7\u65cf\u81ea\u6cbb\u53bf"},{"code":"229","name":"\u5305\u5934"},{"code":"171","name":"\u5b9d\u9e21"},{"code":"295","name":"\u5317\u6d77"},{"code":"131","name":"\u5317\u4eac"},{"code":"227","name":"\u672c\u6eaa"},{"code":"126","name":"\u868c\u57e0"},{"code":"206","name":"\u6bd5\u8282"},{"code":"235","name":"\u6ee8\u5dde"},{"code":"188","name":"\u4eb3\u5dde"},{"code":"88","name":"\u535a\u5c14\u5854\u62c9"}]},{"C":[{"code":"149","name":"\u6ca7\u5dde"},{"code":"219","name":"\u5e38\u5fb7"},{"code":"348","name":"\u5e38\u5dde"},{"code":"99","name":"\u660c\u90fd"},{"code":"93","name":"\u660c\u5409"},{"code":"1642","name":"\u660c\u6c5f\u9ece\u65cf\u81ea\u6cbb\u53bf"},{"code":"53","name":"\u957f\u6625"},{"code":"158","name":"\u957f\u6c99"},{"code":"356","name":"\u957f\u6cbb"},{"code":"251","name":"\u5de2\u6e56"},{"code":"280","name":"\u671d\u9633"},{"code":"201","name":"\u6f6e\u5dde"},{"code":"275","name":"\u90f4\u5dde"},{"code":"75","name":"\u6210\u90fd"},{"code":"207","name":"\u627f\u5fb7"},{"code":"2757","name":"\u6f84\u8fc8\u53bf"},{"code":"299","name":"\u6c60\u5dde"},{"code":"297","name":"\u8d64\u5cf0"},{"code":"144","name":"\u5d07\u5de6"},{"code":"132","name":"\u91cd\u5e86"},{"code":"105","name":"\u695a\u96c4"},{"code":"189","name":"\u6ec1\u5dde"}]},{"D":[{"code":"111","name":"\u5927\u7406"},{"code":"167","name":"\u5927\u8fde"},{"code":"50","name":"\u5927\u5e86"},{"code":"355","name":"\u5927\u540c"},{"code":"38","name":"\u5927\u5174\u5b89\u5cad"},{"code":"369","name":"\u8fbe\u5dde"},{"code":"282","name":"\u4e39\u4e1c"},{"code":"1215","name":"\u510b\u5dde"},{"code":"116","name":"\u5fb7\u5b8f"},{"code":"74","name":"\u5fb7\u9633"},{"code":"372","name":"\u5fb7\u5dde"},{"code":"115","name":"\u8fea\u5e86"},{"code":"1214","name":"\u5b9a\u5b89\u53bf"},{"code":"136","name":"\u5b9a\u897f"},{"code":"119","name":"\u4e1c\u839e"},{"code":"2634","name":"\u4e1c\u65b9"},{"code":"174","name":"\u4e1c\u8425"}]},{"E":[{"code":"283","name":"\u9102\u5c14\u591a\u65af"},{"code":"122","name":"\u9102\u5dde"},{"code":"373","name":"\u6069\u65bd"}]},{"F":[{"code":"204","name":"\u9632\u57ce\u6e2f"},{"code":"138","name":"\u4f5b\u5c71"},{"code":"184","name":"\u629a\u987a"},{"code":"226","name":"\u629a\u5dde"},{"code":"300","name":"\u798f\u5dde"},{"code":"59","name":"\u961c\u65b0"},{"code":"128","name":"\u961c\u9633"}]},{"G":[{"code":"247","name":"\u7518\u5357"},{"code":"73","name":"\u7518\u5b5c"},{"code":"365","name":"\u8d63\u5dde"},{"code":"246","name":"\u56fa\u539f"},{"code":"241","name":"\u5e7f\u5b89"},{"code":"329","name":"\u5e7f\u5143"},{"code":"257","name":"\u5e7f\u5dde"},{"code":"142","name":"\u6842\u6797"},{"code":"341","name":"\u8d35\u6e2f"},{"code":"146","name":"\u8d35\u9633"},{"code":"72","name":"\u679c\u6d1b"}]},{"H":[{"code":"48","name":"\u54c8\u5c14\u6ee8"},{"code":"91","name":"\u54c8\u5bc6"},{"code":"67","name":"\u6d77\u5317"},{"code":"69","name":"\u6d77\u4e1c"},{"code":"125","name":"\u6d77\u53e3"},{"code":"68","name":"\u6d77\u5357"},{"code":"65","name":"\u6d77\u897f"},{"code":"352","name":"\u6c49\u4e2d"},{"code":"151","name":"\u90af\u90f8"},{"code":"179","name":"\u676d\u5dde"},{"code":"127","name":"\u5408\u80a5"},{"code":"82","name":"\u548c\u7530"},{"code":"143","name":"\u6cb3\u6c60"},{"code":"200","name":"\u6cb3\u6e90"},{"code":"353","name":"\u83cf\u6cfd"},{"code":"260","name":"\u8d3a\u5dde"},{"code":"215","name":"\u9e64\u58c1"},{"code":"43","name":"\u9e64\u5c97"},{"code":"39","name":"\u9ed1\u6cb3"},{"code":"208","name":"\u8861\u6c34"},{"code":"159","name":"\u8861\u9633"},{"code":"107","name":"\u7ea2\u6cb3"},{"code":"321","name":"\u547c\u548c\u6d69\u7279"},{"code":"61","name":"\u547c\u4f26\u8d1d\u5c14"},{"code":"294","name":"\u6e56\u5dde"},{"code":"319","name":"\u846b\u82a6\u5c9b"},{"code":"363","name":"\u6000\u5316"},{"code":"162","name":"\u6dee\u5b89"},{"code":"253","name":"\u6dee\u5317"},{"code":"250","name":"\u6dee\u5357"},{"code":"271","name":"\u9ec4\u5188"},{"code":"70","name":"\u9ec4\u5357"},{"code":"252","name":"\u9ec4\u5c71"},{"code":"311","name":"\u9ec4\u77f3"},{"code":"301","name":"\u60e0\u5dde"}]},{"J":[{"code":"318","name":"\u5409\u5b89"},{"code":"55","name":"\u5409\u6797"},{"code":"288","name":"\u6d4e\u5357"},{"code":"286","name":"\u6d4e\u5b81"},{"code":"46","name":"\u9e21\u897f"},{"code":"42","name":"\u4f73\u6728\u65af"},{"code":"334","name":"\u5609\u5174"},{"code":"33","name":"\u5609\u5cea\u5173"},{"code":"302","name":"\u6c5f\u95e8"},{"code":"211","name":"\u7126\u4f5c"},{"code":"259","name":"\u63ed\u9633"},{"code":"290","name":"\u664b\u57ce"},{"code":"238","name":"\u664b\u4e2d"},{"code":"34","name":"\u91d1\u660c"},{"code":"333","name":"\u91d1\u534e"},{"code":"166","name":"\u9526\u5dde"},{"code":"225","name":"\u666f\u5fb7\u9547"},{"code":"217","name":"\u8346\u95e8"},{"code":"157","name":"\u8346\u5dde"},{"code":"349","name":"\u4e5d\u6c5f"},{"code":"37","name":"\u9152\u6cc9"}]},{"K":[{"code":"83","name":"\u5580\u4ec0"},{"code":"210","name":"\u5f00\u5c01"},{"code":"95","name":"\u514b\u62c9\u739b\u4f9d"},{"code":"84","name":"\u514b\u5b5c\u52d2\u82cf\u67ef\u5c14\u514b\u5b5c"},{"code":"104","name":"\u6606\u660e"}]},{"L":[{"code":"100","name":"\u62c9\u8428"},{"code":"202","name":"\u6765\u5bbe"},{"code":"124","name":"\u83b1\u829c"},{"code":"36","name":"\u5170\u5dde"},{"code":"191","name":"\u5eca\u574a"},{"code":"2032","name":"\u4e50\u4e1c\u9ece\u65cf\u81ea\u6cbb\u53bf"},{"code":"79","name":"\u4e50\u5c71"},{"code":"114","name":"\u4e3d\u6c5f"},{"code":"292","name":"\u4e3d\u6c34"},{"code":"347","name":"\u8fde\u4e91\u6e2f"},{"code":"80","name":"\u51c9\u5c71"},{"code":"366","name":"\u804a\u57ce"},{"code":"351","name":"\u8fbd\u9633"},{"code":"183","name":"\u8fbd\u6e90"},{"code":"110","name":"\u4e34\u6ca7"},{"code":"368","name":"\u4e34\u6c7e"},{"code":"2033","name":"\u4e34\u9ad8\u53bf"},{"code":"182","name":"\u4e34\u590f"},{"code":"234","name":"\u4e34\u6c82"},{"code":"98","name":"\u6797\u829d"},{"code":"1643","name":"\u9675\u6c34\u9ece\u65cf\u81ea\u6cbb\u53bf"},{"code":"147","name":"\u516d\u76d8\u6c34"},{"code":"305","name":"\u67f3\u5dde"},{"code":"256","name":"\u9647\u5357"},{"code":"193","name":"\u9f99\u5ca9"},{"code":"221","name":"\u5a04\u5e95"},{"code":"298","name":"\u516d\u5b89"},{"code":"331","name":"\u6cf8\u5dde"},{"code":"153","name":"\u6d1b\u9633"},{"code":"327","name":"\u5415\u6881"}]},{"M":[{"code":"358","name":"\u9a6c\u978d\u5c71"},{"code":"139","name":"\u8302\u540d"},{"code":"141","name":"\u6885\u5dde"},{"code":"77","name":"\u7709\u5c71"},{"code":"240","name":"\u7ef5\u9633"},{"code":"49","name":"\u7261\u4e39\u6c5f"}]},{"N":[{"code":"101","name":"\u90a3\u66f2"},{"code":"163","name":"\u5357\u660c"},{"code":"291","name":"\u5357\u5145"},{"code":"315","name":"\u5357\u4eac"},{"code":"261","name":"\u5357\u5b81"},{"code":"133","name":"\u5357\u5e73"},{"code":"161","name":"\u5357\u901a"},{"code":"309","name":"\u5357\u9633"},{"code":"248","name":"\u5185\u6c5f"},{"code":"180","name":"\u5b81\u6ce2"},{"code":"192","name":"\u5b81\u5fb7"},{"code":"113","name":"\u6012\u6c5f"}]},{"P":[{"code":"81","name":"\u6500\u679d\u82b1"},{"code":"228","name":"\u76d8\u9526"},{"code":"213","name":"\u5e73\u9876\u5c71"},{"code":"359","name":"\u5e73\u51c9"},{"code":"350","name":"\u840d\u4e61"},{"code":"108","name":"\u666e\u6d31"},{"code":"209","name":"\u6fee\u9633"},{"code":"195","name":"\u8386\u7530"}]},{"Q":[{"code":"47","name":"\u4e03\u53f0\u6cb3"},{"code":"41","name":"\u9f50\u9f50\u54c8\u5c14"},{"code":"1293","name":"\u6f5c\u6c5f"},{"code":"342","name":"\u9ed4\u4e1c\u5357"},{"code":"306","name":"\u9ed4\u5357"},{"code":"343","name":"\u9ed4\u897f\u5357"},{"code":"148","name":"\u79e6\u7687\u5c9b"},{"code":"145","name":"\u94a6\u5dde"},{"code":"135","name":"\u5e86\u9633"},{"code":"197","name":"\u6e05\u8fdc"},{"code":"236","name":"\u9752\u5c9b"},{"code":"2358","name":"\u743c\u6d77"},{"code":"2031","name":"\u743c\u4e2d\u9ece\u65cf\u82d7\u65cf\u81ea\u6cbb\u53bf"},{"code":"249","name":"\u66f2\u9756"},{"code":"243","name":"\u8862\u5dde"},{"code":"134","name":"\u6cc9\u5dde"}]},{"R":[{"code":"102","name":"\u65e5\u5580\u5219"},{"code":"173","name":"\u65e5\u7167"}]},{"S":[{"code":"212","name":"\u4e09\u95e8\u5ce1"},{"code":"254","name":"\u4e09\u660e"},{"code":"121","name":"\u4e09\u4e9a"},{"code":"97","name":"\u5c71\u5357"},{"code":"303","name":"\u6c55\u5934"},{"code":"339","name":"\u6c55\u5c3e"},{"code":"289","name":"\u4e0a\u6d77"},{"code":"364","name":"\u4e0a\u9976"},{"code":"285","name":"\u5546\u6d1b"},{"code":"154","name":"\u5546\u4e18"},{"code":"293","name":"\u7ecd\u5174"},{"code":"273","name":"\u90b5\u9633"},{"code":"137","name":"\u97f6\u5173"},{"code":"58","name":"\u6c88\u9633"},{"code":"340","name":"\u6df1\u5733"},{"code":"2734","name":"\u795e\u519c\u67b6"},{"code":"216","name":"\u5341\u5830"},{"code":"770","name":"\u77f3\u6cb3\u5b50"},{"code":"150","name":"\u77f3\u5bb6\u5e84"},{"code":"335","name":"\u77f3\u5634\u5c71"},{"code":"45","name":"\u53cc\u9e2d\u5c71"},{"code":"237","name":"\u6714\u5dde"},{"code":"56","name":"\u56db\u5e73"},{"code":"52","name":"\u677e\u539f"},{"code":"277","name":"\u5bbf\u8fc1"},{"code":"370","name":"\u5bbf\u5dde"},{"code":"224","name":"\u82cf\u5dde"},{"code":"44","name":"\u7ee5\u5316"},{"code":"330","name":"\u9042\u5b81"},{"code":"371","name":"\u968f\u5dde"}]},{"T":[{"code":"94","name":"\u5854\u57ce"},{"code":"344","name":"\u6f2f\u6cb3"},{"code":"244","name":"\u53f0\u5dde"},{"code":"176","name":"\u592a\u539f"},{"code":"325","name":"\u6cf0\u5b89"},{"code":"276","name":"\u6cf0\u5dde"},{"code":"265","name":"\u5510\u5c71"},{"code":"332","name":"\u5929\u6d25"},{"code":"2654","name":"\u5929\u95e8"},{"code":"196","name":"\u5929\u6c34"},{"code":"60","name":"\u94c1\u5cad"},{"code":"165","name":"\u901a\u5316"},{"code":"64","name":"\u901a\u8fbd"},{"code":"232","name":"\u94dc\u5ddd"},{"code":"337","name":"\u94dc\u9675"},{"code":"205","name":"\u94dc\u4ec1"},{"code":"89","name":"\u5410\u9c81\u756a"},{"code":"792","name":"\u56fe\u6728\u8212\u514b"},{"code":"1641","name":"\u5c6f\u660c\u53bf"}]},{"W":[{"code":"1216","name":"\u4e07\u5b81"},{"code":"175","name":"\u5a01\u6d77"},{"code":"170","name":"\u6e2d\u5357"},{"code":"287","name":"\u6f4d\u574a"},{"code":"2758","name":"\u6587\u660c"},{"code":"177","name":"\u6587\u5c71"},{"code":"178","name":"\u6e29\u5dde"},{"code":"123","name":"\u4e4c\u6d77"},{"code":"168","name":"\u4e4c\u5170\u5bdf\u5e03"},{"code":"92","name":"\u4e4c\u9c81\u6728\u9f50"},{"code":"789","name":"\u4e94\u5bb6\u6e20"},{"code":"1644","name":"\u4e94\u6307\u5c71"},{"code":"322","name":"\u5434\u5fe0"},{"code":"317","name":"\u65e0\u9521"},{"code":"304","name":"\u68a7\u5dde"},{"code":"218","name":"\u6b66\u6c49"},{"code":"118","name":"\u6b66\u5a01"},{"code":"129","name":"\u829c\u6e56"}]},{"X":[{"code":"233","name":"\u897f\u5b89"},{"code":"66","name":"\u897f\u5b81"},{"code":"109","name":"\u897f\u53cc\u7248\u7eb3"},{"code":"63","name":"\u9521\u6797\u90ed\u52d2\u76df"},{"code":"194","name":"\u53a6\u95e8"},{"code":"1713","name":"\u4ed9\u6843"},{"code":"362","name":"\u54b8\u5b81"},{"code":"323","name":"\u54b8\u9633"},{"code":"313","name":"\u6e58\u6f6d"},{"code":"274","name":"\u6e58\u897f"},{"code":"156","name":"\u8944\u9633"},{"code":"2912","name":"\u9999\u6e2f"},{"code":"310","name":"\u5b5d\u611f"},{"code":"214","name":"\u4fe1\u9633"},{"code":"367","name":"\u5ffb\u5dde"},{"code":"152","name":"\u65b0\u4e61"},{"code":"164","name":"\u65b0\u4f59"},{"code":"62","name":"\u5174\u5b89\u76df"},{"code":"266","name":"\u90a2\u53f0"},{"code":"316","name":"\u5f90\u5dde"},{"code":"155","name":"\u8bb8\u660c"},{"code":"190","name":"\u5ba3\u57ce"}]},{"Y":[{"code":"76","name":"\u96c5\u5b89"},{"code":"284","name":"\u5ef6\u5b89"},{"code":"54","name":"\u5ef6\u8fb9"},{"code":"326","name":"\u70df\u53f0"},{"code":"223","name":"\u76d0\u57ce"},{"code":"346","name":"\u626c\u5dde"},{"code":"199","name":"\u9633\u6c5f"},{"code":"357","name":"\u9633\u6cc9"},{"code":"40","name":"\u4f0a\u6625"},{"code":"90","name":"\u4f0a\u7281"},{"code":"186","name":"\u5b9c\u5bbe"},{"code":"270","name":"\u5b9c\u660c"},{"code":"278","name":"\u5b9c\u6625"},{"code":"272","name":"\u76ca\u9633"},{"code":"360","name":"\u94f6\u5ddd"},{"code":"281","name":"\u8425\u53e3"},{"code":"279","name":"\u9e70\u6f6d"},{"code":"314","name":"\u6c38\u5dde"},{"code":"231","name":"\u6986\u6797"},{"code":"361","name":"\u7389\u6797"},{"code":"71","name":"\u7389\u6811"},{"code":"106","name":"\u7389\u6eaa"},{"code":"220","name":"\u5cb3\u9633"},{"code":"258","name":"\u4e91\u6d6e"},{"code":"328","name":"\u8fd0\u57ce"}]},{"Z":[{"code":"172","name":"\u67a3\u5e84"},{"code":"198","name":"\u6e5b\u6c5f"},{"code":"312","name":"\u5f20\u5bb6\u754c"},{"code":"264","name":"\u5f20\u5bb6\u53e3"},{"code":"117","name":"\u5f20\u6396"},{"code":"255","name":"\u6f33\u5dde"},{"code":"336","name":"\u662d\u901a"},{"code":"338","name":"\u8087\u5e86"},{"code":"160","name":"\u9547\u6c5f"},{"code":"268","name":"\u90d1\u5dde"},{"code":"187","name":"\u4e2d\u5c71"},{"code":"181","name":"\u4e2d\u536b"},{"code":"308","name":"\u5468\u53e3"},{"code":"245","name":"\u821f\u5c71"},{"code":"222","name":"\u682a\u6d32"},{"code":"140","name":"\u73e0\u6d77"},{"code":"269","name":"\u9a7b\u9a6c\u5e97"},{"code":"354","name":"\u6dc4\u535a"},{"code":"78","name":"\u81ea\u8d21"},{"code":"242","name":"\u8d44\u9633"},{"code":"262","name":"\u9075\u4e49"}]}],"common":[{"code":"131","name":"\u5317\u4eac"},{"code":"289","name":"\u4e0a\u6d77"},{"code":"257","name":"\u5e7f\u5dde"},{"code":"340","name":"\u6df1\u5733"},{"code":"179","name":"\u676d\u5dde"},{"code":"75","name":"\u6210\u90fd"},{"code":"315","name":"\u5357\u4eac"},{"code":"233","name":"\u897f\u5b89"},{"code":"58","name":"\u6c88\u9633"}]}}