{"version": "0","items": [{"schemaName": "telcheat","description": "","template": "2","data": [{"icon": "preset/enhancement/icon_copy.png","title": "复制","action":{"type": "copy","data": ""}},{"icon": "preset/enhancement/icon_call.png","title": "拨打","action": {"type": "1","data": {"intent":"intent:tel:{0}#Intent;action=android.intent.action.DIAL;end","class":"","mode":"1"}}},{"icon": "preset/enhancement/icon_add.png","title": "通讯录","action": {"type": "1","data":{"intent":"intent:content://com.android.contacts/contacts#Intent;action=android.intent.action.INSERT;S.phone={0};end","class":"","mode":"1"}}}]},
{"schemaName": "bdaddr","description": "","template": "0","data": [{"icon": "preset/enhancement/icon_copy.png","title": "复制","action":{"type": "copy","data": ""}},{"icon": "preset/enhancement/icon_search.png","title": "查看地址","action": {"type": "1","data": {"mode":"4","commands":[{"mode":"1","intent":"intent://map/place/search?query={0}&src=searchBox&from_baidu=1#Intent;scheme=bdapp;package=com.baidu.BaiduMap;end"},{"mode":"2","url":"http://map.baidu.com/mobile/webapp/search/search/qt=s&wd={0}&third_party=kuang_addrsearch"}]}}},{"icon": "preset/enhancement/icon_direction.png","title": "查询路线","action": {"type": "1","data": {"mode":"4","commands":[{"mode":"1","intent":"intent://map/direction?destination={0}&mode=transit&src=searchBox&from_baidu=1#Intent;scheme=bdapp;package=com.baidu.BaiduMap;end"},{"mode":"2","url":"http://api.map.baidu.com/direction?destination={0}&output=html&src=searchBox"}]}}}]},
{"schemaName": "tel","description": "","template": "1","data": [{"icon": "preset/enhancement/icon_copy.png","title": "复制","action":{"type": "copy","data": ""}},{"icon": "preset/enhancement/icon_call.png","title": "拨打","action": {"type": "1","data": {"intent":"intent:tel:{0}#Intent;action=android.intent.action.DIAL;end","class":"","mode":"1"}}},{"icon": "preset/enhancement/icon_add.png","title": "通讯录","action": {"type": "1","data":{"intent":"intent:content://com.android.contacts/contacts#Intent;action=android.intent.action.INSERT;S.phone={0};end","class":"","mode":"1"}}}]}]}
