{
    "orderfilter": {
        "version": "1",
        "dataset": [
            {
                "id": "time",
                "text": "下单时间：",
                "list": [
                    {
                        "id": "0",
                        "name": "全部"
                    },
                    {
                        "id": "1",
                        "name": "近一个月"
                    },
                    {
                        "id": "2",
                        "name": "近三个月"
                    },
                    {
                        "id": "3",
                        "name": "近半年"
                    },
                    {
                        "id": "4",
                        "name": "近一年"
                    }
                ]
            },
            {
                "id": "type",
                "text": "订单类型：",
                "list": [
                    {
                        "id": "0",
                        "name": "全部"
                    },
                    {
                        "id": "1",
                        "name": "旅游"
                    },
                    {
                        "id": "2",
                        "name": "酒店"
                    },
                    {
                        "id": "3",
                        "name": "电影票"
                    },
                    {
                        "id": "4",
                        "name": "娱乐"
                    },
                    {
                        "id": "5",
                        "name": "出行"
                    },
                    {
                        "id": "6",
                        "name": "教育"
                    },
                    {
                        "id": "7",
                        "name": "美食"
                    },
                    {
                        "id": "8",
                        "name": "房产"
                    },
                    {
                        "id": "9",
                        "name": "购物"
                    },
                    {
                        "id": "10",
                        "name": "美容保健"
                    },
                    {
                        "id": "11",
                        "name": "医疗"
                    },
                    {
                        "id": "12",
                        "name": "团购"
                    },
                    {
                        "id": "13",
                        "name": "生活服务"
                    },
                    {
                        "id": "14",
                        "name": "外卖"
                    },
                    {
                        "id": "15",
                        "name": "其他服务"
                    }
                ]
            }
        ]
    }
}