{
  "list": [
    {
      "type": "novel",
      "name": "小说",
      "img_default": "http://bos.box.bdimg.com/searchbox/image/cmsuploader/20170612/1497253333797621.png",
      "command": {
        "tcbox": {
          "vmgdb": "100120u"
        },
        "mode": "0",
        "intent": "intent:#Intent;component=com.baidu.searchbox/.discovery.novel.NovelHomeActivity;end",
        "min_v": "16783629"
      }
    },
    {
      "type": "comic",
      "name": "动漫",
      "img_default": "http://bos.box.bdimg.com/searchbox/image/cmsuploader/20170612/1497253332141675.png",
      "scheme": "baiduboxapp://v5/comic/open?upgrade=1&params=%7B%22source%22%3A%22comicchannel%22%2C%22showsearch%22%3A%221%22%7D"
    },
    {
      "type": "tieba",
      "name": "贴吧",
      "img_default": "http://bos.box.bdimg.com/searchbox/image/cmsuploader/20170612/1497253332965794.png",
      "command": {
        "commands": [
          {
            "intent": "intent:#Intent;action=com.baidu.searchbox.plugin.action.INVOKE;S.package_name=com.baidu.tieba;S.method_name=url_invoke;S.params=http://tieba.baidu.com/;S.from=searchbox:navigationbar;S.loading=1;S.use_new_window=0;end",
            "min_v": "16786176",
            "mode": "5"
          },
          {
            "intent": "intent:#Intent;component=com.baidu.searchbox/.lightbrowser.LightBrowserActivity;S.bdsb_light_start_url=http%3A%2F%2Ftieba.baidu.com%2F%3Flp%3D7200%26uofr%3D1501300120724001;B.bdsb_append_param=true;end",
            "min_v": "24576000",
            "mode": "0"
          }
        ],
        "min_v": "16786176",
        "mode": "4"
      }
    },
    {
      "type": "star",
      "name": "明星",
      "img_default": "http://bos.box.bdimg.com/searchbox/image/cmsuploader/20170615/1497502251840814.png",
      "command": {
        "class": "com.baidu.searchbox.sociality.star.activity.StarSquareActivity",
        "intent": "intent:#Intent;B.bdsb_append_param=true;S.toolbaricons=%7b%22toolids%22%3a%5b%222%22%2c%223%22%5d%7d;S.bdsb_light_start_url=https://mbd.baidu.com/webpage?type=star&action=square&source=box_nav&action=square;end",
        "min_v": "24444928",
        "mode": "0"
      }
    },
    {
      "type": "website",
      "name": "网址",
      "img_default": "http://bos.box.bdimg.com/searchbox/image/cmsuploader/20170612/1497253333526676.png",
      "command": {
        "mode": "3",
        "tcbox": {
          "vmgdb": "100123x"
        },
        "url": "/searchbox?action=tc&type=rct&sig=94fbb2&src=https%3A%2F%2Fm.hao123.com%2Fpage%2Fbaidu&ref=index%40nav&pos=n5"
      }
    },
    {
      "type": "nuomi",
      "name": "糯米",
      "img_default": "http://bos.box.bdimg.com/searchbox/image/cmsuploader/20170612/1497253332133067.png",
      "scheme": "baiduboxapp://v2/easybrowse/open?upgrade=0&url=https%3a%2f%2fm.nuomi.com%2f%3fcid%3dwise_shouye_nuomi_shoubai"
    },
    {
      "type": "maps",
      "name": "地图",
      "img_default": "http://bos.box.bdimg.com/searchbox/image/cmsuploader/20170612/1497253332240041.png",
      "scheme": "baiduboxapp://v2/easybrowse/open?upgrade=1&append=1&style=%7B%22toolbaricons%22%3A%7B%22toolids%22%3A%5B%222%22%2C%223%22%5D%7D%7D&url=https%3a%2f%2fmap.baidu.com%2fmobile%2fwebapp%2findex%2findex%2f%3fthird_party%3dbaiduboxapp"
    },
    {
      "type": "translate",
      "name": "翻译",
      "img_default": "http://bos.box.bdimg.com/searchbox/image/cmsuploader/20170612/1497253332806199.png",
      "scheme": "baiduboxapp://v2/easybrowse/open?upgrade=1&append=1&style=%7B%22toolbaricons%22%3A%7B%22toolids%22%3A%5B%222%22%2C%223%22%5D%7D%7D&url=https%3a%2f%2ffanyi.baidu.com"
    },
    {
      "type": "music",
      "name": "音乐",
      "img_default": "http://bos.box.bdimg.com/searchbox/image/cmsuploader/20170612/1497253333504448.png",
      "scheme": "baiduboxapp://v2/easybrowse/open?upgrade=1&append=1&style=%7B%22toolbaricons%22%3A%7B%22toolids%22%3A%5B%222%22%2C%223%22%5D%7D%7D&url=https%3A%2F%2Fmusic.baidu.com%2Fhome%3Ffr%3Dshoubai%26noad%3D1"
    },
    {
      "type": "changting",
      "name": "畅听",
      "img_default": "http://bos.box.bdimg.com/searchbox/image/cmsuploader/20170612/1497253332822734.png",
      "scheme": "baiduboxapp://v4/changting/open?upgrade=1&url=https%3A%2F%2Fvoice.baidu.com%2Fting%23%21%2F"
    },
    {
      "type": "baike",
      "name": "百科",
      "img_default": "http://bos.box.bdimg.com/searchbox/image/cmsuploader/20170612/1497253332662960.png",
      "scheme": "baiduboxapp://v2/easybrowse/open?upgrade=1&append=1&style=%7B%22toolbaricons%22%3A%7B%22toolids%22%3A%5B%222%22%2C%223%22%5D%7D%7D&url=https%3A%2F%2Fwapbaike.baidu.com%2F%3Ffr%3Dshoubaidaohanglan"
    },
    {
      "type": "know",
      "name": "知道",
      "img_default": "http://bos.box.bdimg.com/searchbox/image/cmsuploader/20170612/1497253333459937.png",
      "command": {
        "mode": "0",
        "intent": "intent:#Intent;component=com.baidu.searchbox/.lightbrowser.LightBrowserActivity;S.toolbaricons=%7b%22toolids%22%3a%5b%222%22%2c%223%22%5d%7d;S.bdsb_light_start_url=https%3A%2F%2Fzhidao.baidu.com%2F;B.bdsb_append_param=true;end",
        "min_v": "24576000"
      }
    },
    {
      "type": "news",
      "name": "新闻",
      "img_default": "http://bos.box.bdimg.com/searchbox/image/cmsuploader/20170612/1497253333390842.png",
      "scheme": "baiduboxapp://v2/easybrowse/open?upgrade=1&append=1&style=%7B%22toolbaricons%22%3A%7B%22toolids%22%3A%5B%222%22%2C%223%22%5D%7D%7D&url=https%3A%2F%2Fnews.baidu.com%2Fnews"
    },
    {
      "type": "travel",
      "name": "旅游",
      "img_default": "http://bos.box.bdimg.com/searchbox/image/cmsuploader/20170612/1497253332249291.png",
      "scheme": "baiduboxapp://v2/easybrowse/open?upgrade=1&append=1&style=%7B%22toolbaricons%22%3A%7B%22toolids%22%3A%5B%222%22%2C%223%22%5D%7D%7D&url=https%3A%2F%2Flvyou.baidu.com%2Fstatic%2Fevent-cms%2Ftrip-index-shoubai%2Fpage%2Findex%2Findex.html%3Forder_from%3Dshoubai%26ext_from%3Dshoubai_lvyou_channel%26accur_thirdpar%3Dshoubai_lvyou"
    },
    {
      "type": "pan",
      "name": "网盘",
      "img_default": "http://bos.box.bdimg.com/searchbox/image/cmsuploader/20170612/1497253333551897.png",
      "scheme": "baiduboxapp://v2/easybrowse/open?upgrade=1&append=1&style=%7B%22toolbaricons%22%3A%7B%22toolids%22%3A%5B%222%22%2C%223%22%5D%7D%7D&url=https%3A%2F%2Fpan.baidu.com%2Fwap%2Fhome%3Ffrom%3Dbaiduboxappenter"
    },
    {
      "type": "finance",
      "name": "金融",
      "img_default": "http://bos.box.bdimg.com/searchbox/image/cmsuploader/20170612/1497253332856620.png",
      "command": {
        "miv_v": "25165824",
        "intent": "intent:#Intent;action=com.baidu.searchbox.wallet.action.WALLET_VIEW;l.service_id=60004;end",
        "mode": "0"
      }
    },
    {
      "type": "apps",
      "name": "应用",
      "img_default": "http://bos.box.bdimg.com/searchbox/image/cmsuploader/20170612/1497253333895284.png",
      "command": {
        "commands": [
          {
            "intent": "intent:#Intent;action=com.baidu.searchbox.plugin.action.INVOKE;S.package_name=com.baidu.appsearch;S.from=searchbox:navigationbar;S.use_new_window=0;end",
            "min_v": "16786176",
            "mode": "5"
          },
          {
            "intent": "intent:#Intent;component=com.baidu.searchbox/.lightbrowser.LightBrowserActivity;S.bdsb_light_start_url=https%3a%2f%2fmobile.baidu.com;B.bdsb_append_param=true;end",
            "min_v": "24576000",
            "mode": "0"
          }
        ],
        "min_v": "16786176",
        "mode": "4"
      }
    },
    {
      "type": "tuiguang",
      "name": "推广",
      "img_default": "http://bos.box.bdimg.com/searchbox/image/cmsuploader/20170612/1497253332649464.png",
      "scheme": "baiduboxapp://v2/easybrowse/open?upgrade=1&append=1&style=%7B%22toolbaricons%22%3A%7B%22toolids%22%3A%5B%222%22%2C%223%22%5D%7D%7D&url=https%3A%2F%2Fe.baidu.com%2F%3Frefer%3D210"
    }
  ]
}