{
  "errno": "0",
  "timestamp": "1446627150",
  "data": {
    "publicsrv": {
      "operate": {
        "dataset": {
          "skincenter": {
            "version": "presetskin",
            "items": [
              {
                "id": "preset1",
                "title": "二次元",
                "name": "手机百度",
                "packet": "replaced_by_presetdatamanager",
                "sum": "ff2d67a05b9f94e7b2199f27a08f938e",
                "time": "11月20日",
                "author": "手机百度",
                "abc": "二次元",
                "layer_color": "#F64DAD",
                "thumbnail": "replaced_by_presetdatamanager",
                "needlogin": "0",
                "bg": {
                  "files": [
                    {
                      "file": "bg.jpg",
                      "start": "0",
                      "end": "86400"
                    }
                  ]
                },
                "sbox": {
                  "file": "sbox.png"
                },
                "camera": {
                  "n_file": "camera_0.png",
                  "h_file": "camera_1.png"
                },
                "tabsbg": {
                  "file": "tabsbg.png"
                },
                "tabs": [
                  {
                    "text": "百度",
                    "id": "home",
                    "n_color": "#FFFFFF",
                    "h_color": "#FFFFFF",
                    "n_file": "t1_0.png",
                    "h_file": "t1_1.png"
                  },
                  {
                    "text": "生活+",
                    "id": "nearby",
                    "n_color": "#FFFFFF",
                    "h_color": "#FFFFFF",
                    "n_file": "t2_0.png",
                    "h_file": "t2_1.png"
                  },
                  {
                    "text": "语音",
                    "id": "sound",
                    "n_color": "#FFFFFF",
                    "h_color": "#FFFFFF",
                    "n_file": "t3_0.png",
                    "h_file": "t3_1.png"
                  },
                  {
                    "text": "我",
                    "id": "me",
                    "n_color": "#FFFFFF",
                    "h_color": "#FFFFFF",
                    "n_file": "t4_0.png",
                    "h_file": "t4_1.png"
                  },
                  {
                    "text": "扫一扫",
                    "id": "scan",
                    "n_color": "#FFFFFF",
                    "h_color": "#FFFFFF",
                    "n_file": "t5_0.png",
                    "h_file": "t5_1.png"
                  }
                ]
              },
              {
                "id": "preset2",
                "title": "篮球控",
                "name": "手机百度",
                "packet": "replaced_by_presetdatamanager",
                "sum": "ff2d67a05b9f94e7b2199f27a08f938e",
                "time": "11月20日",
                "author": "手机百度",
                "abc": "篮球控",
                "layer_color": "#45131E",
                "thumbnail": "replaced_by_presetdatamanager",
                "needlogin": "0",
                "bg": {
                  "files": [
                    {
                      "file": "bg.jpg",
                      "start": "0",
                      "end": "86400"
                    }
                  ]
                },
                "sbox": {
                  "file": "sbox.png"
                },
                "camera": {
                  "n_file": "camera_0.png",
                  "h_file": "camera_1.png"
                },
                "tabsbg": {
                  "file": "tabsbg.png"
                },
                "tabs": [
                  {
                    "text": "百度",
                    "id": "home",
                    "n_color": "#d36324",
                    "h_color": "#d36324",
                    "n_file": "t1_0.png",
                    "h_file": "t1_1.png"
                  },
                  {
                    "text": "生活+",
                    "id": "nearby",
                    "n_color": "#d36324",
                    "h_color": "#d36324",
                    "n_file": "t2_0.png",
                    "h_file": "t2_1.png"
                  },
                  {
                    "text": "语音",
                    "id": "sound",
                    "n_color": "#d36324",
                    "h_color": "#d36324",
                    "n_file": "t3_0.png",
                    "h_file": "t3_1.png"
                  },
                  {
                    "text": "我",
                    "id": "me",
                    "n_color": "#d36324",
                    "h_color": "#d36324",
                    "n_file": "t4_0.png",
                    "h_file": "t4_1.png"
                  },
                  {
                    "text": "扫一扫",
                    "id": "scan",
                    "n_color": "#d36324",
                    "h_color": "#d36324",
                    "n_file": "t5_0.png",
                    "h_file": "t5_1.png"
                  }
                ]
              },
              {
                "id": "preset3",
                "title": "萌宠",
                "name": "手机百度",
                "packet": "replaced_by_presetdatamanager",
                "sum": "ff2d67a05b9f94e7b2199f27a08f938e",
                "time": "11月20日",
                "author": "手机百度",
                "abc": "萌宠",
                "layer_color": "#E58130",
                "thumbnail": "replaced_by_presetdatamanager",
                "needlogin": "0",
                "bg": {
                  "files": [
                    {
                      "file": "bg.jpg",
                      "start": "0",
                      "end": "86400"
                    }
                  ]
                },
                "sbox": {
                  "file": "sbox.png"
                },
                "camera": {
                  "n_file": "camera_0.png",
                  "h_file": "camera_1.png"
                },
                "tabsbg": {
                  "file": "tabsbg.png"
                },
                "tabs": [
                  {
                    "text": "百度",
                    "id": "home",
                    "n_color": "#ca590e",
                    "h_color": "#ca590e",
                    "n_file": "t1_0.png",
                    "h_file": "t1_1.png"
                  },
                  {
                    "text": "生活+",
                    "id": "nearby",
                    "n_color": "#ca590e",
                    "h_color": "#ca590e",
                    "n_file": "t2_0.png",
                    "h_file": "t2_1.png"
                  },
                  {
                    "text": "语音",
                    "id": "sound",
                    "n_color": "#ca590e",
                    "h_color": "#ca590e",
                    "n_file": "t3_0.png",
                    "h_file": "t3_1.png"
                  },
                  {
                    "text": "我",
                    "id": "me",
                    "n_color": "#ca590e",
                    "h_color": "#ca590e",
                    "n_file": "t4_0.png",
                    "h_file": "t4_1.png"
                  },
                  {
                    "text": "扫一扫",
                    "id": "scan",
                    "n_color": "#ca590e",
                    "h_color": "#ca590e",
                    "n_file": "t5_0.png",
                    "h_file": "t5_1.png"
                  }
                ]
              },
              {
                "id": "preset4",
                "title": "自然风景",
                "name": "手机百度",
                "packet": "replaced_by_presetdatamanager",
                "sum": "ff2d67a05b9f94e7b2199f27a08f938e",
                "time": "11月20日",
                "author": "手机百度",
                "abc": "自然风景",
                "layer_color": "#304CD1",
                "thumbnail": "replaced_by_presetdatamanager",
                "needlogin": "0",
                "bg": {
                  "files": [
                    {
                      "file": "bg.jpg",
                      "start": "0",
                      "end": "86400"
                    }
                  ]
                },
                "sbox": {
                  "file": "sbox.png"
                },
                "camera": {
                  "n_file": "camera_0.png",
                  "h_file": "camera_1.png"
                },
                "tabsbg": {
                  "file": "tabsbg.png"
                },
                "tabs": [
                  {
                    "text": "百度",
                    "id": "home",
                    "n_color": "#d0d9f7",
                    "h_color": "#d0d9f7",
                    "n_file": "t1_0.png",
                    "h_file": "t1_1.png"
                  },
                  {
                    "text": "生活+",
                    "id": "nearby",
                    "n_color": "#d0d9f7",
                    "h_color": "#d0d9f7",
                    "n_file": "t2_0.png",
                    "h_file": "t2_1.png"
                  },
                  {
                    "text": "语音",
                    "id": "sound",
                    "n_color": "#d0d9f7",
                    "h_color": "#d0d9f7",
                    "n_file": "t3_0.png",
                    "h_file": "t3_1.png"
                  },
                  {
                    "text": "我",
                    "id": "me",
                    "n_color": "#d0d9f7",
                    "h_color": "#d0d9f7",
                    "n_file": "t4_0.png",
                    "h_file": "t4_1.png"
                  },
                  {
                    "text": "扫一扫",
                    "id": "scan",
                    "n_color": "#d0d9f7",
                    "h_color": "#d0d9f7",
                    "n_file": "t5_0.png",
                    "h_file": "t5_1.png"
                  }
                ]
              }
            ]
          }
        }
      }
    }
  }
}