{
  "nodes": [
    {
      "id": "PersonalTab",
      "srcs": [
        {
            "src": "Downloading",
            "type": "Dot",
            "dismiss_flag":"true"
        },
        {
            "src": "DownloadUnread",
            "type": "Dot",
            "dismiss_flag":"true"
        },
        {
            "src": "UpdateInSettingItem",
            "type": "Dot",
            "dismiss_flag":"true"
        },
        {
            "src": "MyOrder",
            "type": "Dot",
            "dismiss_flag":"true"
        },
        {
          "src": "MyCard",
          "type": "Dot",
          "status": "false",
          "dismiss_flag":"true"
        },
        {
          "src": "MyCoupon",
          "type": "Dot",
          "status": "false",
          "dismiss_flag":"true"
        },
        {
            "src": "MyRobot",
            "type": "Dot",
            "dismiss_flag":"true"
        }
      ]
    },
    {
      "id": "BrowserMenu",
      "srcs": [
        {
            "src": "Downloading",
            "type": "Dot",
            "dismiss_flag":"true"
        },
        {
            "src": "DownloadUnread",
            "type": "Dot",
            "dismiss_flag":"true"
        }
      ]
    },
    {
      "id": "PersonalDownloadItem",
      "rela_nodes": [
        "BrowserMenu",
        "PersonalTab"
      ],
      "srcs": [
        {
            "src": "Downloading",
            "type": "Dot",
            "dismiss_flag":"true"
        },
        {
            "src": "DownloadUnread",
            "type": "Dot",
            "dismiss_flag":"true"
        }
      ]
    },
    {
      "id": "BrowserMenuItem",
      "rela_nodes": [
        "BrowserMenu",
        "PersonalTab"
      ],
      "srcs": [
        {
            "src": "Downloading",
            "type": "Time",
            "dismiss_flag":"false"
        },
        {
            "src": "DownloadUnread",
            "type": "Num",
            "dismiss_flag":"false"
        }
      ]
    },
    {
      "id": "DownloadActivity",
      "rela_nodes": [
        "PersonalDownloadItem",
        "PersonalTab",
        "BrowserMenu",
        "BrowserMenuItem"
      ],
      "srcs": [
        {
            "src": "Downloading",
            "type": "No",
            "dismiss_flag":"false"
        },
        {
            "src": "DownloadUnread",
            "type": "No",
            "dismiss_flag":"false"
        }
      ]
    },
    {
      "id": "DiscoveryTab",
      "srcs": [
        {
            "src": "LifePlusNewTxt",
            "type": "Dot",
            "dismiss_flag":"true"
        },
        {
            "src": "LifePlusNewTxt",
            "type": "TXT",
            "dismiss_flag":"true"
        }
      ]
    },
    {
      "id": "PersonalMyOrder",
      "srcs": [
        {
            "src": "MyOrder",
            "type": "Dot",
            "dismiss_flag":"true"
        }
      ]
    },
    {
      "id": "PersonalMyCouponCard",
      "rela_nodes": [
        "PersonalTab"
      ],
      "srcs": [
        {
          "src": "MyCard",
          "type": "Dot",
          "status": "true",
          "dismiss_flag":"true"
        },
        {
          "src": "MyCoupon",
          "type": "Dot",
          "status": "true",
          "dismiss_flag":"true"
        }
      ]
    },
    {
      "id": "MyCoupon",
      "srcs": [
        {
          "src": "MyCoupon",
          "type": "Dot",
          "status": "true",
          "dismiss_flag":"true"
        }
      ]
    },
    {
      "id": "MyCard",
      "srcs": [
        {
          "src": "MyCard",
          "type": "Dot",
          "status": "true",
          "dismiss_flag":"true"
        }
      ]
    }
  ]
}