{
  "level2": {
    "laiwang.com": "",
    "yao.95095.com": "",
    ".laiwang.com": "",
    ".taobao.cn": "",
    ".xiami.com": "",
    ".alimama.cn": "",
    ".1688.cn": "",
    "yangma.play.m.jaeapp.com": "",
    ".1688.com.cn": "",
    ".alipay.com.cn": "",
    "hichao.uz.m.jaeapp.com": "",
    ".tmall.net": "",
    ".taobao.org": "",
    "a.m.tmall.com": "",
    "b.tb.cn": "",
    ".koubei.org": "",
    ".taobao.net": "",
    ".taobao.com": "",
    ".alibaba.com.cn": "",
    ".alimama.com": "",
    ".koubei.com.cn": "",
    ".alimama.com.cn": "",
    ".hitao.com": "",
    "kanbox.com": "",
    ".alixueyuan.net": "",
    ".taojianghu.com": "",
    ".alicdn.com": "",
    "demoescape.play.m.jaeapp.com": "",
    ".aliexpress.com": "",
    ".etao.com": "",
    ".atpanel.com": "",
    ".amap.com": "",
    ".wmlp.com": "",
    "b.mashort.cn": "",
    ".taojapan.com": "",
    "m.aliplay.com": "",
    "m.mashort.cn": "",
    "tbcdn.cn": "",
    ".1688.com": "",
    ".aliimg.com": "",
    "tmall.pp.cc": "",
    ".yahoo.cn": "",
    ".yunos.com": "",
    ".youshuyuan.com": "",
    ".koubei.cn": "",
    ".juhuasuan.com": "",
    ".alibado.com": "",
    "yangma-1.play.m.jaeapp.com": "",
    ".ban-ma.cn": "",
    ".youku.com": "",
    ".tudou.com": "",
    ".tmall.com.hk": "",
    ".yisou.com": "",
    "atb.so": "",
    ".cnzz.com": "",
    "tshow.play.m.jaeapp.com": "",
    ".weibo.com": "",
    ".tbcdn.com": "",
    ".taobao.com.cn": "",
    ".alisoft.cn": "",
    ".alisoft.com": "",
    ".tao123.com": "",
    ".tmshare123.com": "",
    "weibo.cn": "",
    ".alibaba.com": "",
    ".zhifu.com": "",
    ".alipay.com": "",
    "ahd.so": "",
    ".aliimg.net": "",
    ".aliyun.com": "",
    ".yahoo.com.cn": "",
    "detail.m.tmall.com": "",
    "wap.zjtoolbar.10086.cn": "",
    ".taohua.com": "",
    ".koubei.com": "",
    ".alibaba-inc.com": "",
    ".tmall.com": "",
    "pepsi.we.jaeapp.com": "",
    "m.tb.cn": "",
    ".alisoft.com.cn": "",
    ".tmall.hk": "",
    "weibo.com": "",
    ".taobaocdn.com": "",
    "tb.cn": "",
    ".alipay.net": "",
    ".alitrip.com": "",
    "we.jaeapp.com": "",
    ".urltb.cn": "",
    ".zhifubao.com": "",
    "m.atb.so": "",
    ".tbshare123.com": "",
    ".aliloan.com": "",
    ".alibaba.cn": "",
    ".is.autonavi.com": "",
    ".tbsandbox.com": "",
    "m.5317wan.com": ""
  },
  "level3": {
    "myphone.play.m.jaeapp.com": "23021105",
    "demogame.play.jaeapp.com": "23020993",
    ".bcvbw.com": "",
    "purcotton.play.m.jaeapp.com": "23029809",
    "herborist.play.m.jaeapp.com": "23066988",
    "hrvip.play.m.jaeapp.com": "23087570",
    "yssjyxzj.play.m.jaeapp.com": "23141947",
    "bubble.play.m.jaeapp.com": "23238003",
    "yangma.play.m.jaeapp.com": "",
    "sign.play.m.jaeapp.com": "23086878",
    "dragon.play.m.jaeapp.com": "23025643",
    "dianbu.play.m.jaeapp.com": "23168411",
    "aorantest.play.m.jaeapp.com": "23055064",
    "m.sanguosha.com": "",
    "shot.play.m.jaeapp.com": "23031546",
    "renwu.play.m.jaeapp.com": "23087890",
    "magic12.play.m.jaeapp.com": "23043086",
    "taoplay.play.jaeapp.com": "23025309",
    "lovelove.play.m.jaeapp.com": "23237250",
    "jiayifang.play.m.jaeapp.com": "23087434",
    "mlbtest.play.m.jaeapp.com": "23153406",
    "verification.play.m.jaeapp.com": "23087089",
    "grabbag.play.m.jaeapp.com.jaecdn.com": "23028366",
    "demogame.play.m.jaeapp.com": "23020993",
    "promotion.play.m.jaeapp.com": "23091791",
    "huoniao.play.m.jaeapp.com": "23295823",
    "shiyijian.play.m.jaeapp.com": "23115237",
    "shangshu.play.jaeapp.com": "23025787",
    "task.play.m.jaeapp.com": "23061875",
    "fortune.play.m.jaeapp.com": "23300095",
    "siia.play.m.jaeapp.com": "23094365",
    ".cnzz.net": "",
    "dumm.play.m.jaeapp.com": "23105624",
    "cilaitest.play.m.jaeapp.com": "23182767",
    "meibaolian.play.m.jaeapp.com": "23095392",
    "lipton.play.m.jaeapp.com": "23052258",
    ".ereuiib.com": "",
    "pg20141111.play.m.jaeapp.com": "23035568",
    "securitycode.play.m.jaeapp.com": "23082811",
    "shijuema.play.m.jaeapp.com": "23082799",
    "tmshow.play.jaeapp.com": "23085435",
    ".miiee.com": "",
    "bmghd.play.m.jaeapp.com": "23087005",
    "zgcsj.play.m.jaeapp.com": "23075147",
    "tmall.pp.cc": "",
    "coin.play.m.jaeapp.com": "23056603",
    "gxggame.play.m.jaeapp.com": "23030917",
    "ctest157.play.m.jaeapp.com": "23035601",
    "magic1.play.m.jaeapp.com": "23041276",
    "ehsure6.play.m.jaeapp.com": "23175308",
    "gxggame.play.jaeapp.com": "23030917",
    "testll.play.m.jaeapp.com": "23023207",
    "eyer.play.jaeapp.com": "23025915",
    "huopin.play.jaeapp.com": "23030325",
    "yushu.play.m.jaeapp.com": "23154267",
    "app3152.play.m.jaeapp.com": "23123878",
    ".edcdfg.com": "",
    "meidian.play.m.jaeapp.com": "23076663",
    "2cat.play.jaeapp.com": "23027482",
    "evergrandespring.play.m.jaeapp.com": "23102572",
    "fangwei.play.m.jaeapp.com": "23078695",
    "different.play.m.jaeapp.com": "23227760",
    "ydapp.play.m.jaeapp.com": "23099688",
    "game2.play.m.jaeapp.com": "23041198",
    "iwatch.play.m.jaeapp.com": "23101797",
    "baobei.play.m.jaeapp.com": "23144169",
    "ccmtest.play.m.jaeapp.com": "23155337",
    "huiyuan.play.m.jaeapp.com": "23070233",
    "a.9game.cn": "",
    "www.jyqxz2015.com": "",
    "shiqian.play.m.jaeapp.com": "23179017",
    "mobile.play.m.jaeapp.com": "23066074",
    "gogogo.play.jaeapp.com": "23093207",
    "vzan.play.m.jaeapp.com": "23087027",
    "loverstears.play.m.jaeapp.com": "23087198",
    "libao.play.m.jaeapp.com": "23116431",
    "white.play.m.jaeapp.com": "23092416",
    "2048gm.play.m.jaeapp.com": "23025933",
    "onlineinteract.play.m.jaeapp.com": "23031527",
    "grabbag.play.jaeapp.com": "23028366",
    "kinde.play.m.jaeapp.com": "23175491",
    "taedemo.play.m.jaeapp.com": "23170530",
    "zxdemophp.play.m.jaeapp.com": "23147639",
    ".asczwa.com": "",
    "take.play.m.jaeapp.com": "23168426",
    "izhufu.play.m.jaeapp.com": "23073290",
    "huodong.9game.cn": "",
    "taobaophone.play.m.jaeapp.com": "",
    "taobao.play.m.jaeapp.com": "23092865",
    "lankou.play.m.jaeapp.com": "23142592",
    "chaojima.play.m.jaeapp.com": "23085629",
    "taoxunbao.play.m.jaeapp.com": "23089707",
    "taoxiaopu.play.m.jaeapp.com": "23125231",
    "hanhoo.play.m.jaeapp.com": "23068578",
    "star.play.m.jaeapp.com": "23087032",
    "xswifi.play.m.jaeapp.com": "23147502",
    "proya.play.m.jaeapp.com": "23087756",
    "originstesttwo.play.m.jaeapp.com": "23114593",
    "coolgame.play.m.jaeapp.com": "23025092",
    "tongyongcode.play.m.jaeapp.com": "23076816",
    "jsgy.play.m.jaeapp.com": "23073108",
    "a2.mlt01.com": "",
    "findbao.play.m.jaeapp.com": "23025404",
    ".jhgtgb.com": "",
    "sale.play.m.jaeapp.com": "23087878",
    "iyou.play.m.jaeapp.com": "23025330",
    "flying.play.m.jaeapp.com": "23232700",
    "baobeituan.play.m.jaeapp.com": "23179217",
    "yunyancode.cn": "",
    ".fdfgdf.cn": "",
    "h5test.play.m.jaeapp.com": "",
    "gogogo.play.m.jaeapp.com": "23093207",
    "iucar.play.m.jaeapp.com": "23026390",
    "eyer.play.m.jaeapp.com": "23025915",
    "savemoney.play.m.jaeapp.com": "23027968",
    "zuma.play.m.jaeapp.com": "23238804",
    "2048.play.m.jaeapp.com": "23025526",
    "pg20141111pc.play.m.jaeapp.com": "23042228",
    "taoapp.play.m.jaeapp.com": "23129520",
    "twtest158-1.o2o.m.jaeapp.com": "21805965",
    "wevip.play.m.jaeapp.com": "21728225",
    "byunicursal.play.m.jaeapp.com": "23026021",
    "yxgl.play.m.jaeapp.com": "23116568",
    "www.mei.com": "",
    "loreal1.play.m.jaeapp.com": "23098250",
    "taopk.play.jaeapp.com": "23025311",
    "goodluck.play.m.jaeapp.com": "23172181",
    "kickdiscount.play.m.jaeapp.com.jaecdn.com": "23028444",
    "clivirgo.play.m.jaeapp.com": "23092353",
    "maiduoduo.play.m.jaeapp.com": "23073951",
    "kickdiscount.play.jaeapp.com": "23028444",
    "loreal2.play.m.jaeapp.com": "23098253",
    "ttfx.play.m.jaeapp.com": "23115357",
    "savemoney1.play.jaeapp.com": "23028244",
    "youxi.play.m.jaeapp.com": "23186013",
    "bear.play.m.jaeapp.com": "23237979",
    "meibaolian1.play.m.jaeapp.com": "23094391",
    "bmgqh.play.m.jaeapp.com": "23088583",
    "ztxp.play.m.jaeapp.com": "23297354",
    "ccnmtx.play.m.jaeapp.com": "23180124",
    "jlbmtx.play.m.jaeapp.com": "23172289",
    "originsgame.play.m.jaeapp.com": "23197608",
    "xianweijing.play.m.jaeapp.com": "23088063",
    "qrcode.play.m.jaeapp.com": "23096667",
    "lamer.play.m.jaeapp.com": "23185091",
    "pondscrm.play.m.jaeapp.com": "23091332",
    "tystress.play.m.jaeapp.com": "23183474",
    "skin.play.m.jaeapp.com": "23088062",
    "coolgame-1.play.m.jaeapp.com": "23025092",
    "countmoney.play.jaeapp.com": "23026945",
    ".asczxcefsv.com": "",
    "dwz.cn": "",
    "wtw-group.com": "",
    "testaa.play.m.jaeapp.com": "23186814",
    "jala.play.m.jaeapp.com": "23066034",
    "uztest.play.m.jaeapp.com": "23026022",
    "paopao.play.m.jaeapp.com": "23025430",
    "lunbo.play.m.jaeapp.com": "23142009",
    "tmshow.play.m.jaeapp.com": "23085435",
    "apptest01011.play.m.jaeapp.com": "23025705",
    "goto.play.m.jaeapp.com": "23116301",
    "share.play.m.jaeapp.com": "23110899",
    "couple.play.m.jaeapp.com": "23025769",
    "qiangren.play.m.jaeapp.com": "23091035",
    "wxsc.play.m.jaeapp.com": "23299974",
    "newitem.play.m.jaeapp.com": "23088484",
    "11163.play.m.jaeapp.com": "23032086",
    "tangjinou.play.m.jaeapp.com": "23023205",
    "ccntest.play.m.jaeapp.com": "23088521",
    "shiyi.play.m.jaeapp.com": "23107712",
    "guanmei.play.m.jaeapp.com": "23082743",
    "taoplay.play.m.jaeapp.com": "23025309",
    "ihudong.play.jaeapp.com": "23076028",
    "jinhuanspi.play.m.jaeapp.com": "23094270",
    "ddccc.play.m.jaeapp.com": "23067370",
    "cutcut.play.m.jaeapp.com": "23025522",
    "aorantest.play.jaeapp.com": "23055064",
    ".mnbvbqw.com": "",
    "qiangzg.play.m.jaeapp.com": "23090714",
    "swhj.play.m.jaeapp.com": "23074652",
    "acexe.play.m.jaeapp.com": "23087752",
    "vzhan.play.m.jaeapp.com": "23091916",
    "iwatchtest.play.m.jaeapp.com": "23101764",
    "shangshu.play.m.jaeapp.com": "23025787",
    "eateat.play.m.jaeapp.com": "23237259",
    "weiyouxi.play.m.jaeapp.com": "23085289",
    "lancome.play.m.jaeapp.com": "23072379",
    "yao-rx.cn-hangzhou.img-pub.aliyun-inc.com": "",
    "gege7.play.m.jaeapp.com": "23232243",
    "zxdemo.play.m.jaeapp.com": "23138209",
    "hehe.play.m.jaeapp.com": "23096363",
    "loreal.play.m.jaeapp.com": "23092286",
    "yaoyiyao.play.m.jaeapp.com": "23089710",
    "twtest158.play.m.jaeapp.com": "",
    "liebian.play.m.jaeapp.com": "23099861",
    "origins.play.m.jaeapp.com": "23093850",
    "xingzuo.play.m.jaeapp.com": "23086808",
    "taopk.play.m.jaeapp.com": "23025311",
    "lzlj.play.m.jaeapp.com": "23063767",
    "abtest.play.m.jaeapp.com": "23083602",
    "sinian.play.m.jaeapp.com": "23154756",
    "huiy.play.m.jaeapp.com": "23087892",
    "play.app.jae.taobao.com/admin": "23020755",
    ".iuynfg.com": "",
    "special.play.m.jaeapp.com": "23237453",
    "minishowtest.play.m.jaeapp.com": "23096456",
    "tmall.play.m.jaeapp.com": "23102629",
    "flycat.play.m.jaeapp.com": "23033826",
    "yunifanggame.play.m.jaeapp.com": "23036345",
    "twtest158.o2o.m.jaeapp.com": "21805965",
    "juke.play.m.jaeapp.com": "23299782",
    "letsun.play.m.jaeapp.com": "23187220",
    "qiang.play.m.jaeapp.com": "23088065",
    "doudou.play.m.jaeapp.com": "23025904",
    "magic23.play.m.jaeapp.com": "23041282",
    "16311.play.m.jaeapp.com": "23032365",
    "sailing.play.m.jaeapp.com": "23237460",
    "jcyx.play.m.jaeapp.com": "23304417",
    "xiaomi.play.m.jaeapp.com": "23031745",
    "xssw.play.m.jaeapp.com": "23083876",
    "wjds.play.m.jaeapp.com": "23086831",
    "kickdiscount.play.m.jaeapp.com": "23028444",
    "unilever.play.m.jaeapp.com": "23090128",
    "recommend.play.m.jaeapp.com": "23096413",
    "meibaolian4.play.m.jaeapp.com": "23099924",
    "www.h5clouds.com": "",
    "tinybugs.play.jaeapp.com": "23025519",
    "os.alipayobjects.com": "",
    "yinman.play.m.jaeapp.com": "23236828",
    "cliim.play.m.jaeapp.com": "23078577",
    "cutcut.play.m.jaeapp.com.jaecdn.com": "23025522",
    "hyfw.play.m.jaeapp.com": "23188430",
    "2048gm.play.jaeapp.com": "23025933",
    "tao123.play.m.jaeapp.com": "23310509",
    "pg20141111pc.play.jaeapp.com": "23042228",
    "ihudong.play.m.jaeapp.com": "23076028",
    ".youku.com": "",
    "jinhuantest.play.m.jaeapp.com": "23036826",
    "robber.play.m.jaeapp.com": "23227752",
    ".jaeapp.com": "",
    "aorantest1110.play.m.jaeapp.com": "23048619",
    "doudou.play.jaeapp.com": "23025904",
    "iycb.play.m.jaeapp.com": "23183017",
    ".cnzz.com": "",
    "purcotton.play.jaeapp.com": "23029809",
    "jalamscrm.play.m.jaeapp.com": "23082761",
    "yunzhi.co": "",
    "yangma.play.jaeapp.com": "",
    "tshow.play.m.jaeapp.com": "23085240",
    "honor.play.m.jaeapp.com": "23112766",
    "yunifang.play.m.jaeapp.com": "23090341",
    "twtest158.play.jaeapp.com": "",
    "kchd.play.m.jaeapp.com": "23090528",
    "draw.ews.m.jaeapp.com": "23293130",
    "testdoloplay.play.m.jaeapp.com": "23027975",
    "sxbs.play.m.jaeapp.com": "23089623",
    "olaykp.play.m.jaeapp.com": "23177927",
    "nestle.play.m.jaeapp.com": "23311148",
    "endorse.play.m.jaeapp.com": "23076098",
    "giftbag.play.m.jaeapp.com": "23116440",
    "jump.play.m.jaeapp.com": "23237456",
    "wxxjl.play.m.jaeapp.com": "23110863",
    "pig123.play.m.jaeapp.com": "23088061",
    "king.play.m.jaeapp.com": "23173620",
    "ehsure.play.m.jaeapp.com": "23175298",
    "fast.play.m.jaeapp.com": "23227757",
    "game6.play.m.jaeapp.com": "23041436",
    "active.play.m.jaeapp.com": "23102631",
    "test1.play.m.jaeapp.com": "23083423",
    "tmpoptile.play.m.jaeapp.com": "23031922",
    "xiaochuanhudong.play.m.jaeapp.com": "23183029",
    "typlatform.play.m.jaeapp.com": "23079134",
    ".dfkhgj.com": "",
    "jiuxianphone.play.m.jaeapp.com": "23025544",
    "evo315.play.m.jaeapp.com": "23173637",
    "exam.play.m.jaeapp.com": "23088683",
    "dovegaokao.play.m.jaeapp.com": "23144793",
    "teat.play.m.jaeapp.com": "23035383",
    "goodgame.play.m.jaeapp.com": "23023203",
    "wazg.play.m.jaeapp.com": "23296463",
    "fenxiang.play.m.jaeapp.com": "23087142",
    "skydive.play.m.jaeapp.com": "23237454",
    "luckygo.play.m.jaeapp.com": "12262395",
    "idafortest.play.m.jaeapp.com": "23085393",
    "ninja.play.m.jaeapp.com": "23237993",
    "ghost.play.m.jaeapp.com": "23164181",
    "paopao.play.jaeapp.com": "23025430",
    "okamoto.play.m.jaeapp.com": "23049795",
    "baobeixiu.play.m.jaeapp.com": "23127299",
    "app315.play.m.jaeapp.com": "23062454",
    "benow.play.m.jaeapp.com": "23087691",
    "zxrouter.play.m.jaeapp.com": "23161337",
    "2cat.play.m.jaeapp.com": "23027482",
    "xiaomi.play.jaeapp.com": "23031745",
    "mt3d.locojoy.com": "",
    "match.play.m.jaeapp.com": "23067267",
    "zgcsj.play.jaeapp.com": "23075147",
    "vshc.play.m.jaeapp.com": "23090330",
    "jalacrm.play.m.jaeapp.com": "23080608",
    "animal.play.m.jaeapp.com": "23238005",
    ".guoguo-app.com": "",
    "xing.play.m.jaeapp.com": "23088689",
    "couponsxiaomi.play.m.jaeapp.com": "23047632",
    "yuceji.play.m.jaeapp.com": "23088059",
    "telephonapp.play.m.jaeapp.com": "23027847",
    "iumvp.play.m.jaeapp.com": "23026491",
    "gsactivity.diditaxi.com.cn": "",
    "realwill123.play.m.jaeapp.com": "23234664",
    "fightcat.play.m.jaeapp.com": "23237247",
    "pengpeng.play.m.jaeapp.com": "23025322",
    "mpjy.play.m.jaeapp.com": "23093128",
    "zxdemo3.play.m.jaeapp.com": "23147639",
    "chando.play.m.jaeapp.com": "23138314",
    "pengpeng.play.jaeapp.com": "23025322",
    "collocation.play.m.jaeapp.com": "23070268",
    "mfsj.play.m.jaeapp.com": "23090130",
    "jalalottery.play.m.jaeapp.com": "23121285",
    "kiss.play.m.jaeapp.com": "23032759",
    "kfc315.play.m.jaeapp.com": "23082129",
    "fly01.play.m.jaeapp.com": "23031506",
    "aaaaaaa.play.m.jaeapp.com": "23023201",
    "activity.play.m.jaeapp.com": "23086810",
    "bmgbd.play.m.jaeapp.com": "23088661",
    "meibaolian3.play.m.jaeapp.com": "23100065",
    "grabbag.play.m.jaeapp.com": "23028366",
    "meibaolian2.play.m.jaeapp.com": "23098456",
    "huopin.play.m.jaeapp.com": "23030325",
    "mmx.microfun.cn": "",
    "savemoney1.play.m.jaeapp.com": "23028244",
    "catbird.play.m.jaeapp.com": "23025762",
    "money.play.m.jaeapp.com": "23237998",
    ".aliyuncs.com": "",
    "tinybugs.play.m.jaeapp.com": "23025519",
    "skyscraper.play.m.jaeapp.com": "23032904",
    "hdkc.play.m.jaeapp.com": "23087525",
    "hdxiu.play.m.jaeapp.com": "23287165",
    "countmoney.play.m.jaeapp.com": "23026945",
    "card.play.m.jaeapp.com": "23173614",
    "gaofu.play.m.jaeapp.com": "23091110",
    "super.play.m.jaeapp.com": "23172276",
    "shouji.play.m.jaeapp.com": "23183830",
    "gameboy.play.m.jaeapp.com": "23092964",
    "sheep.play.m.jaeapp.com": "23239126",
    "minishow.play.m.jaeapp.com": "23096719",
    "zxdemo2.play.m.jaeapp.com": "23139053",
    "zuicat.play.m.jaeapp.com": "23178509",
    "php4.play.m.jaeapp.com": "23161337",
    "climb.play.m.jaeapp.com": "23237255",
    "seer.crimoon.net": "",
    "virgo.play.m.jaeapp.com": "23091588",
    "asdfasf.play.m.jaeapp.com": "23049947",
    "dadoudou.play.m.jaeapp.com": "23233412",
    "luck.play.m.jaeapp.com": "23086821",
    "lzhd.play.m.jaeapp.com": "23238517",
    "savemoney1.play.m.jaeapp.com.jaecdn.com": "23028244",
    "beijing.play.m.jaeapp.com": "23075777",
    "byunicursal.play.m.jaeapp.com.jaecdn.com": "23026021",
    "zuis.play.m.jaeapp.com": "23178506",
    "juduoxiao.play.m.jaeapp.com": "12267017",
    ".imaijia.com": "",
    "yunding.play.m.jaeapp.com": "23086953",
    "gujing.play.m.jaeapp.com": "23164572",
    "tian.play.m.jaeapp.com": "23070173",
    "tbapitest.play.m.jaeapp.com": "23093261",
    "2015c.play.m.jaeapp.com": "23103018",
    "makeup.play.m.jaeapp.com": "23164248",
    "redxyz.play.m.jaeapp.com": "23291684",
    "circle.play.m.jaeapp.com": "23237260",
    "soft.play.m.jaeapp.com": "23090237",
    "jelly.play.m.jaeapp.com": "23031765"
  }
}