[{"egroup":1,"isVisibleInEmotionPanel":true,"key":"[愉快]","order":1,"resName":"emotion_small_01"},{"egroup":1,"isVisibleInEmotionPanel":true,"key":"[撇嘴]","order":2,"resName":"emotion_small_02"},{"egroup":1,"isVisibleInEmotionPanel":true,"key":"[色]","order":3,"resName":"emotion_small_03"},{"egroup":1,"isVisibleInEmotionPanel":true,"key":"[傻笑]","order":4,"resName":"emotion_small_04"},{"egroup":1,"isVisibleInEmotionPanel":true,"key":"[得意]","order":5,"resName":"emotion_small_05"},{"egroup":1,"isVisibleInEmotionPanel":true,"key":"[流泪]","order":6,"resName":"emotion_small_06"},{"egroup":1,"isVisibleInEmotionPanel":true,"key":"[色眯眯]","order":7,"resName":"emotion_small_07"},{"egroup":1,"isVisibleInEmotionPanel":true,"key":"[闭嘴]","order":8,"resName":"emotion_small_08"},{"egroup":1,"isVisibleInEmotionPanel":true,"key":"[可怜]","order":9,"resName":"emotion_small_09"},{"egroup":1,"isVisibleInEmotionPanel":true,"key":"[亲亲]","order":10,"resName":"emotion_small_10"},{"egroup":1,"isVisibleInEmotionPanel":true,"key":"[无聊]","order":11,"resName":"emotion_small_11"},{"egroup":1,"isVisibleInEmotionPanel":true,"key":"[发怒]","order":12,"resName":"emotion_small_12"},{"egroup":1,"isVisibleInEmotionPanel":true,"key":"[做鬼脸]","order":13,"resName":"emotion_small_13"},{"egroup":1,"isVisibleInEmotionPanel":true,"key":"[呲牙]","order":14,"resName":"emotion_small_14"},{"egroup":1,"isVisibleInEmotionPanel":true,"key":"[难过]","order":15,"resName":"emotion_small_15"},{"egroup":1,"isVisibleInEmotionPanel":true,"key":"[抢劫]","order":16,"resName":"emotion_small_16"},{"egroup":1,"isVisibleInEmotionPanel":true,"key":"[抠鼻]","order":17,"resName":"emotion_small_17"},{"egroup":1,"isVisibleInEmotionPanel":true,"key":"[冷汗]","order":18,"resName":"emotion_small_18"},{"egroup":1,"isVisibleInEmotionPanel":true,"key":"[阴险]","order":19,"resName":"emotion_small_19"},{"egroup":1,"isVisibleInEmotionPanel":true,"key":"[竖中指]","order":20,"resName":"emotion_small_20"}]