{
  "groups": [
    {
      "title": "常用功能",
      "show_type": "grid",
      "body": [
        {
          "t_1": "收藏",
          "cmd": "baiduboxapp://v14/ucenter/bookmarks",
          "icon": "asset:///preset/account/img/personal_bookmark_item.png",
          "id": "feature",
          "event": "185",
          "t_show": "1",
          "clean": "0",
          "ubc_type": "favorite"
        },
        {
          "t_1": "历史",
          "cmd": "baiduboxapp://v14/ucenter/history",
          "icon": "asset:///preset/account/img/personal_history_item.png",
          "id": "history",
          "event": "185",
          "t_show": "1",
          "clean": "0",
          "ubc_type": "history"
        },
        {
          "t_1": "下载/离线",
          "cmd": "baiduboxapp://v9/ucenter/downloadCenter",
          "icon": "asset:///preset/account/img/personal_download_offline_item.png",
          "id": "download",
          "event": "186",
          "t_show": "1",
          "clean": "0",
          "ubc_type": "xiazailixian"
        },
        {
          "id": "nightmode",
          "switch":[
            {
              "t_1": "夜间模式",
              "cmd": "baiduboxapp://v16/ucenter/nightMode?value=0",
              "icon": "asset:///preset/account/img/personal_night_item.png",
              "id": "nightmode",
              "event": "222",
              "ubc_type": "personal_dark_clk",
              "theme": "dark",
              "t_show": "1"
            },
            {
              "t_1": "日间模式",
              "cmd": "baiduboxapp://v16/ucenter/nightMode?value=1",
              "icon": "asset:///preset/account/img/personal_day_item.png",
              "id": "nightmode",
              "event": "222",
              "ubc_type": "personal_light_clk",
              "theme": "light",
              "t_show": "1"
            }
          ]
        },
        {
          "t_1": "清理缓存",
          "cmd": "baiduboxapp://v16/ucenter/cleanCache",
          "icon": "asset:///preset/account/img/personal_clean_cache_item.png",
          "id": "cleancache",
          "event": "179",
          "t_show": "1",
          "clean": "0",
          "ubc_type": "huancun"
        },
        {
          "t_1": "扫一扫",
          "cmd": "baiduboxapp://v16/ucenter/scan",
          "icon": "asset:///preset/account/img/personal_scan_item.png",
          "id": "scan",
          "event": "494",
          "t_show": "1",
          "clean": "0",
          "ubc_type": "scan"
        },
        {
          "t_1": "手机充值",
          "cmd": "{\"miv_v\":\"16788229\",\"intent\":\"intent:#Intent;action=com.baidu.searchbox.wallet.action.WALLET_VIEW;l.service_id=1;end\",\"mode\":\"0\"}",
          "icon": "asset:///preset/account/img/personal_payment_item.png",
          "id": "payment",
          "t_show": "1",
          "event": "189",
          "clean": "0",
          "ubc_type": "chongzhi"
        },
        {
          "t_1": "卡券包",
          "cmd": "{\"miv_v\":\"16788229\",\"intent\":\"intent:#Intent;action=com.baidu.searchbox.wallet.action.WALLET_VIEW;l.service_id=64;end\",\"mode\":\"0\"}",
          "icon": "asset:///preset/account/img/personal_card_ticket_item.png",
          "id": "cards",
          "event": "192",
          "t_show": "1",
          "clean": "1",
          "ubc_type": "kaquanbao"
        }
      ]
    },
    {
      "title": "功能",
      "show_type": "grid",
      "body": [
        {
          "t_1": "百度金融",
          "cmd": "baiduboxapp://v9/ucenter/collection?id=finance",
          "icon": "asset:///preset/account/img/personal_more_item.png",
          "id": "finance",
          "event": "494",
          "t_show": "1",
          "clean": "0",
          "ubc_type": "jinrong",
          "groups": [
            [
              {
                "t_1": "钱包",
                "cmd": "{\"miv_v\":\"16788229\",\"intent\":\"intent:#Intent;action=com.baidu.searchbox.wallet.action.WALLET_VIEW;l.service_id=16384;end\",\"mode\":\"0\"}",
                "icon": "asset:///preset/account/img/personal_wallet_item.png",
                "id": "purse",
                "event": "193",
                "t_show": "1",
                "clean": "1",
                "oem_show": "0",
                "ubc_type": "qianbao"
              },
              {
                "t_1": "借现金",
                "cmd": "{\"mode\":\"5\",\"intent\": \"intent:#Intent;action=com.baidu.searchbox.plugin.action.INVOKE;S.package_name=com.baidu.wallet;S.method_name=startLightApp;S.from=searchbox:navigationbar;S.params=https%3A%2F%2Ficash.baidu.com%2Fcloan%2Findex%3Ffr%3Dshoubai_and%26hideShare%3D1;S.loading=1;S.use_new_window=0;end\",\"min_v\": \"16786176\"}",
                "icon": "asset:///preset/account/img/personal_cash_item.png",
                "id": "cash",
                "t_show": "1",
                "event": "324",
                "clean": "0",
                "ubc_type": "jiexianjin"
              },
              {
                "t_1": "理财",
                "cmd": "{\"mode\": \"5\",\"intent\": \"intent:#Intent;action=com.baidu.searchbox.plugin.action.INVOKE;S.package_name=com.baidu.wallet;S.method_name=startLightApp;S.from=searchbox:navigationbar;S.params=https%3A%2F%2F8.baidu.com%2Ffm%2Flicai%2Fcenter%2Findex.html%3Ffrom%3Dbdboxapp_profile%26hideShare%3D1%26os%3Dandroid;S.loading=1;S.use_new_window=0;end\",\"min_v\": \"16786176\"}",
                "icon": "asset:///preset/account/img/personal_money_item.png",
                "id": "money",
                "t_show": "1",
                "event": "373",
                "clean": "0",
                "ubc_type": "licai"
              }
            ]
          ]
        }
      ]
    },
    {
      "title": "功能",
      "show_type": "single",
      "body": [
        {
          "t_1": "帮助与反馈",
          "cmd": "baiduboxapp://v9/ucenter/feedback",
          "icon": "asset:///preset/account/img/personal_feedback_item.png",
          "id": "feedback",
          "event": "495",
          "t_show": "1",
          "clean": "0",
          "ubc_type": "bangzhufankui"
        },
        {
          "t_1": "设置",
          "cmd": "baiduboxapp://v9/ucenter/setting",
          "icon": "asset:///preset/account/img/personal_setting_item.png",
          "id": "setting",
          "event": "181",
          "t_show": "1",
          "clean": "0",
          "ubc_type": "shezhi"
        }
      ]
    }
  ]
}