{"city_v":"0","list":[{"pid":"23","pname":"\u5b89\u5fbd","city":[{"cid":"130","cname":"\u5b89\u5e86\u5e02"},{"cid":"126","cname":"\u868c\u57e0\u5e02"},{"cid":"188","cname":"\u4eb3\u5dde\u5e02"},{"cid":"251","cname":"\u5de2\u6e56\u5e02"},{"cid":"299","cname":"\u6c60\u5dde\u5e02"},{"cid":"189","cname":"\u6ec1\u5dde\u5e02"},{"cid":"128","cname":"\u961c\u9633\u5e02"},{"cid":"127","cname":"\u5408\u80a5\u5e02"},{"cid":"253","cname":"\u6dee\u5317\u5e02"},{"cid":"250","cname":"\u6dee\u5357\u5e02"},{"cid":"252","cname":"\u9ec4\u5c71\u5e02"},{"cid":"298","cname":"\u516d\u5b89\u5e02"},{"cid":"358","cname":"\u9a6c\u978d\u5c71\u5e02"},{"cid":"370","cname":"\u5bbf\u5dde\u5e02"},{"cid":"337","cname":"\u94dc\u9675\u5e02"},{"cid":"129","cname":"\u829c\u6e56\u5e02"},{"cid":"190","cname":"\u5ba3\u57ce\u5e02"}]},{"pid":"2911","pname":"\u6fb3\u95e8","city":[{"cid":"2916","cname":"\u6fb3\u95e8\u534a\u5c9b"},{"cid":"2915","cname":"\u6c39\u4ed4\u5c9b"},{"cid":"2917","cname":"\u8def\u6c39\u57ce"},{"cid":"2918","cname":"\u8def\u73af\u5c9b"}]},{"pid":"131","pname":"\u5317\u4eac","city":[{"cid":"2304","cname":"\u660c\u5e73\u533a"},{"cid":"2898","cname":"\u671d\u9633\u533a"},{"cid":"1552","cname":"\u5927\u5174\u533a"},{"cid":"1551","cname":"\u4e1c\u57ce\u533a"},{"cid":"2603","cname":"\u623f\u5c71\u533a"},{"cid":"2305","cname":"\u4e30\u53f0\u533a"},{"cid":"1960","cname":"\u6d77\u6dc0\u533a"},{"cid":"1115","cname":"\u6000\u67d4\u533a"},{"cid":"1117","cname":"\u95e8\u5934\u6c9f\u533a"},{"cid":"1898","cname":"\u5bc6\u4e91\u53bf"},{"cid":"2507","cname":"\u5e73\u8c37\u533a"},{"cid":"1550","cname":"\u77f3\u666f\u5c71\u533a"},{"cid":"1959","cname":"\u987a\u4e49\u533a"},{"cid":"1116","cname":"\u901a\u5dde\u533a"},{"cid":"1118","cname":"\u897f\u57ce\u533a"},{"cid":"1548","cname":"\u5ef6\u5e86\u53bf"}]},{"pid":"132","pname":"\u91cd\u5e86","city":[{"cid":"2308","cname":"\u5df4\u5357\u533a"},{"cid":"1125","cname":"\u5317\u789a\u533a"},{"cid":"1963","cname":"\u74a7\u5c71\u53bf"},{"cid":"1557","cname":"\u957f\u5bff\u533a"},{"cid":"1900","cname":"\u57ce\u53e3\u53bf"},{"cid":"1971","cname":"\u5927\u6e21\u53e3\u533a"},{"cid":"1964","cname":"\u5927\u8db3\u53bf"},{"cid":"1968","cname":"\u57ab\u6c5f\u53bf"},{"cid":"1556","cname":"\u4e30\u90fd\u53bf"},{"cid":"1119","cname":"\u5949\u8282\u53bf"},{"cid":"1124","cname":"\u6daa\u9675\u533a"},{"cid":"1555","cname":"\u5408\u5ddd\u533a"},{"cid":"2605","cname":"\u6c5f\u5317\u533a"},{"cid":"1562","cname":"\u6c5f\u6d25\u533a"},{"cid":"1129","cname":"\u4e5d\u9f99\u5761\u533a"},{"cid":"1120","cname":"\u5f00\u53bf"},{"cid":"1554","cname":"\u6881\u5e73\u53bf"},{"cid":"1563","cname":"\u5357\u5cb8\u533a"},{"cid":"1561","cname":"\u5357\u5ddd\u533a"},{"cid":"1123","cname":"\u5f6d\u6c34\u82d7\u65cf\u571f\u5bb6\u65cf\u81ea\u6cbb\u53bf"},{"cid":"1965","cname":"\u9ed4\u6c5f\u533a"},{"cid":"1967","cname":"\u7da6\u6c5f\u53bf"},{"cid":"1559","cname":"\u8363\u660c\u53bf"},{"cid":"1558","cname":"\u6c99\u576a\u575d\u533a"},{"cid":"2306","cname":"\u77f3\u67f1\u571f\u5bb6\u65cf\u81ea\u6cbb\u53bf"},{"cid":"2606","cname":"\u53cc\u6865\u533a"},{"cid":"2307","cname":"\u94dc\u6881\u53bf"},{"cid":"1122","cname":"\u6f7c\u5357\u53bf"},{"cid":"1127","cname":"\u4e07\u76db\u533a"},{"cid":"1961","cname":"\u4e07\u5dde\u533a"},{"cid":"1966","cname":"\u6b66\u9686\u53bf"},{"cid":"2523","cname":"\u5deb\u5c71\u53bf"},{"cid":"1969","cname":"\u5deb\u6eaa\u53bf"},{"cid":"1128","cname":"\u79c0\u5c71\u571f\u5bb6\u65cf\u82d7\u65cf\u81ea\u6cbb\u53bf"},{"cid":"1126","cname":"\u6c38\u5ddd\u533a"},{"cid":"1560","cname":"\u9149\u9633\u571f\u5bb6\u65cf\u82d7\u65cf\u81ea\u6cbb\u53bf"},{"cid":"1962","cname":"\u6e1d\u5317\u533a"},{"cid":"1553","cname":"\u4e91\u9633\u53bf"},{"cid":"1970","cname":"\u6e1d\u4e2d\u533a"},{"cid":"1121","cname":"\u5fe0\u53bf"}]},{"pid":"16","pname":"\u798f\u5efa","city":[{"cid":"300","cname":"\u798f\u5dde\u5e02"},{"cid":"193","cname":"\u9f99\u5ca9\u5e02"},{"cid":"133","cname":"\u5357\u5e73\u5e02"},{"cid":"192","cname":"\u5b81\u5fb7\u5e02"},{"cid":"195","cname":"\u8386\u7530\u5e02"},{"cid":"134","cname":"\u6cc9\u5dde\u5e02"},{"cid":"254","cname":"\u4e09\u660e\u5e02"},{"cid":"194","cname":"\u53a6\u95e8\u5e02"},{"cid":"255","cname":"\u6f33\u5dde\u5e02"}]},{"pid":"6","pname":"\u7518\u8083","city":[{"cid":"35","cname":"\u767d\u94f6\u5e02"},{"cid":"136","cname":"\u5b9a\u897f\u5e02"},{"cid":"247","cname":"\u7518\u5357\u85cf\u65cf\u81ea\u6cbb\u5dde"},{"cid":"33","cname":"\u5609\u5cea\u5173\u5e02"},{"cid":"34","cname":"\u91d1\u660c\u5e02"},{"cid":"37","cname":"\u9152\u6cc9\u5e02"},{"cid":"36","cname":"\u5170\u5dde\u5e02"},{"cid":"182","cname":"\u4e34\u590f\u56de\u65cf\u81ea\u6cbb\u5dde"},{"cid":"256","cname":"\u9647\u5357\u5e02"},{"cid":"359","cname":"\u5e73\u51c9\u5e02"},{"cid":"135","cname":"\u5e86\u9633\u5e02"},{"cid":"196","cname":"\u5929\u6c34\u5e02"},{"cid":"118","cname":"\u6b66\u5a01\u5e02"},{"cid":"117","cname":"\u5f20\u6396\u5e02"}]},{"pid":"7","pname":"\u5e7f\u4e1c","city":[{"cid":"201","cname":"\u6f6e\u5dde\u5e02"},{"cid":"120","cname":"\u4e1c\u6c99\u7fa4\u5c9b"},{"cid":"119","cname":"\u4e1c\u839e\u5e02"},{"cid":"138","cname":"\u4f5b\u5c71\u5e02"},{"cid":"257","cname":"\u5e7f\u5dde\u5e02"},{"cid":"200","cname":"\u6cb3\u6e90\u5e02"},{"cid":"301","cname":"\u60e0\u5dde\u5e02"},{"cid":"302","cname":"\u6c5f\u95e8\u5e02"},{"cid":"259","cname":"\u63ed\u9633\u5e02"},{"cid":"139","cname":"\u8302\u540d\u5e02"},{"cid":"141","cname":"\u6885\u5dde\u5e02"},{"cid":"197","cname":"\u6e05\u8fdc\u5e02"},{"cid":"303","cname":"\u6c55\u5934\u5e02"},{"cid":"339","cname":"\u6c55\u5c3e\u5e02"},{"cid":"137","cname":"\u97f6\u5173\u5e02"},{"cid":"340","cname":"\u6df1\u5733\u5e02"},{"cid":"199","cname":"\u9633\u6c5f\u5e02"},{"cid":"258","cname":"\u4e91\u6d6e\u5e02"},{"cid":"198","cname":"\u6e5b\u6c5f\u5e02"},{"cid":"338","cname":"\u8087\u5e86\u5e02"},{"cid":"187","cname":"\u4e2d\u5c71\u5e02"},{"cid":"140","cname":"\u73e0\u6d77\u5e02"}]},{"pid":"17","pname":"\u5e7f\u897f","city":[{"cid":"203","cname":"\u767e\u8272\u5e02"},{"cid":"295","cname":"\u5317\u6d77\u5e02"},{"cid":"144","cname":"\u5d07\u5de6\u5e02"},{"cid":"204","cname":"\u9632\u57ce\u6e2f\u5e02"},{"cid":"341","cname":"\u8d35\u6e2f\u5e02"},{"cid":"142","cname":"\u6842\u6797\u5e02"},{"cid":"143","cname":"\u6cb3\u6c60\u5e02"},{"cid":"260","cname":"\u8d3a\u5dde\u5e02"},{"cid":"202","cname":"\u6765\u5bbe\u5e02"},{"cid":"305","cname":"\u67f3\u5dde\u5e02"},{"cid":"261","cname":"\u5357\u5b81\u5e02"},{"cid":"145","cname":"\u94a6\u5dde\u5e02"},{"cid":"304","cname":"\u68a7\u5dde\u5e02"},{"cid":"361","cname":"\u7389\u6797\u5e02"}]},{"pid":"24","pname":"\u8d35\u5dde","city":[{"cid":"263","cname":"\u5b89\u987a\u5e02"},{"cid":"206","cname":"\u6bd5\u8282\u5730\u533a"},{"cid":"146","cname":"\u8d35\u9633\u5e02"},{"cid":"147","cname":"\u516d\u76d8\u6c34\u5e02"},{"cid":"342","cname":"\u9ed4\u4e1c\u5357\u82d7\u65cf\u4f97\u65cf\u81ea\u6cbb\u5dde"},{"cid":"306","cname":"\u9ed4\u5357\u5e03\u4f9d\u65cf\u82d7\u65cf\u81ea\u6cbb\u5dde"},{"cid":"343","cname":"\u9ed4\u897f\u5357\u5e03\u4f9d\u65cf\u82d7\u65cf\u81ea\u6cbb\u5dde"},{"cid":"205","cname":"\u94dc\u4ec1\u5730\u533a"},{"cid":"262","cname":"\u9075\u4e49\u5e02"}]},{"pid":"21","pname":"\u6d77\u5357","city":[{"cid":"2359","cname":"\u767d\u6c99\u9ece\u65cf\u81ea\u6cbb\u53bf"},{"cid":"1217","cname":"\u4fdd\u4ead\u9ece\u65cf\u82d7\u65cf\u81ea\u6cbb\u53bf"},{"cid":"1642","cname":"\u660c\u6c5f\u9ece\u65cf\u81ea\u6cbb\u53bf"},{"cid":"2757","cname":"\u6f84\u8fc8\u53bf"},{"cid":"1215","cname":"\u510b\u5dde\u5e02"},{"cid":"1214","cname":"\u5b9a\u5b89\u53bf"},{"cid":"2634","cname":"\u4e1c\u65b9\u5e02"},{"cid":"125","cname":"\u6d77\u53e3\u5e02"},{"cid":"2032","cname":"\u4e50\u4e1c\u9ece\u65cf\u81ea\u6cbb\u53bf"},{"cid":"2033","cname":"\u4e34\u9ad8\u53bf"},{"cid":"1643","cname":"\u9675\u6c34\u9ece\u65cf\u81ea\u6cbb\u53bf"},{"cid":"1515","cname":"\u5357\u6c99\u7fa4\u5c9b"},{"cid":"2358","cname":"\u743c\u6d77\u5e02"},{"cid":"2031","cname":"\u743c\u4e2d\u9ece\u65cf\u82d7\u65cf\u81ea\u6cbb\u53bf"},{"cid":"121","cname":"\u4e09\u4e9a\u5e02"},{"cid":"1641","cname":"\u5c6f\u660c\u53bf"},{"cid":"1216","cname":"\u4e07\u5b81\u5e02"},{"cid":"2758","cname":"\u6587\u660c\u5e02"},{"cid":"1644","cname":"\u4e94\u6307\u5c71\u5e02"},{"cid":"1218","cname":"\u897f\u6c99\u7fa4\u5c9b"},{"cid":"1498","cname":"\u4e2d\u6c99\u7fa4\u5c9b"}]},{"pid":"25","pname":"\u6cb3\u5317","city":[{"cid":"307","cname":"\u4fdd\u5b9a\u5e02"},{"cid":"149","cname":"\u6ca7\u5dde\u5e02"},{"cid":"207","cname":"\u627f\u5fb7\u5e02"},{"cid":"151","cname":"\u90af\u90f8\u5e02"},{"cid":"208","cname":"\u8861\u6c34\u5e02"},{"cid":"191","cname":"\u5eca\u574a\u5e02"},{"cid":"148","cname":"\u79e6\u7687\u5c9b\u5e02"},{"cid":"150","cname":"\u77f3\u5bb6\u5e84\u5e02"},{"cid":"265","cname":"\u5510\u5c71\u5e02"},{"cid":"266","cname":"\u90a2\u53f0\u5e02"},{"cid":"264","cname":"\u5f20\u5bb6\u53e3\u5e02"}]},{"pid":"2","pname":"\u9ed1\u9f99\u6c5f","city":[{"cid":"50","cname":"\u5927\u5e86\u5e02"},{"cid":"38","cname":"\u5927\u5174\u5b89\u5cad\u5730\u533a"},{"cid":"48","cname":"\u54c8\u5c14\u6ee8\u5e02"},{"cid":"43","cname":"\u9e64\u5c97\u5e02"},{"cid":"39","cname":"\u9ed1\u6cb3\u5e02"},{"cid":"42","cname":"\u4f73\u6728\u65af\u5e02"},{"cid":"46","cname":"\u9e21\u897f\u5e02"},{"cid":"49","cname":"\u7261\u4e39\u6c5f\u5e02"},{"cid":"41","cname":"\u9f50\u9f50\u54c8\u5c14\u5e02"},{"cid":"47","cname":"\u4e03\u53f0\u6cb3\u5e02"},{"cid":"45","cname":"\u53cc\u9e2d\u5c71\u5e02"},{"cid":"44","cname":"\u7ee5\u5316\u5e02"},{"cid":"40","cname":"\u4f0a\u6625\u5e02"}]},{"pid":"30","pname":"\u6cb3\u5357","city":[{"cid":"267","cname":"\u5b89\u9633\u5e02"},{"cid":"215","cname":"\u9e64\u58c1\u5e02"},{"cid":"211","cname":"\u7126\u4f5c\u5e02"},{"cid":"1277","cname":"\u6d4e\u6e90\u5e02"},{"cid":"210","cname":"\u5f00\u5c01\u5e02"},{"cid":"344","cname":"\u6f2f\u6cb3\u5e02"},{"cid":"153","cname":"\u6d1b\u9633\u5e02"},{"cid":"309","cname":"\u5357\u9633\u5e02"},{"cid":"213","cname":"\u5e73\u9876\u5c71\u5e02"},{"cid":"209","cname":"\u6fee\u9633\u5e02"},{"cid":"212","cname":"\u4e09\u95e8\u5ce1\u5e02"},{"cid":"154","cname":"\u5546\u4e18\u5e02"},{"cid":"152","cname":"\u65b0\u4e61\u5e02"},{"cid":"214","cname":"\u4fe1\u9633\u5e02"},{"cid":"155","cname":"\u8bb8\u660c\u5e02"},{"cid":"268","cname":"\u90d1\u5dde\u5e02"},{"cid":"308","cname":"\u5468\u53e3\u5e02"},{"cid":"269","cname":"\u9a7b\u9a6c\u5e97\u5e02"}]},{"pid":"15","pname":"\u6e56\u5317","city":[{"cid":"373","cname":"\u6069\u65bd\u571f\u5bb6\u65cf\u82d7\u65cf\u81ea\u6cbb\u5dde"},{"cid":"122","cname":"\u9102\u5dde\u5e02"},{"cid":"271","cname":"\u9ec4\u5188\u5e02"},{"cid":"311","cname":"\u9ec4\u77f3\u5e02"},{"cid":"217","cname":"\u8346\u95e8\u5e02"},{"cid":"157","cname":"\u8346\u5dde\u5e02"},{"cid":"1293","cname":"\u6f5c\u6c5f\u5e02"},{"cid":"2734","cname":"\u795e\u519c\u67b6\u6797\u533a"},{"cid":"216","cname":"\u5341\u5830\u5e02"},{"cid":"371","cname":"\u968f\u5dde\u5e02"},{"cid":"2654","cname":"\u5929\u95e8\u5e02"},{"cid":"218","cname":"\u6b66\u6c49\u5e02"},{"cid":"156","cname":"\u8944\u6a0a\u5e02"},{"cid":"362","cname":"\u54b8\u5b81\u5e02"},{"cid":"1713","cname":"\u4ed9\u6843\u5e02"},{"cid":"310","cname":"\u5b5d\u611f\u5e02"},{"cid":"270","cname":"\u5b9c\u660c\u5e02"}]},{"pid":"26","pname":"\u6e56\u5357","city":[{"cid":"219","cname":"\u5e38\u5fb7\u5e02"},{"cid":"158","cname":"\u957f\u6c99\u5e02"},{"cid":"275","cname":"\u90f4\u5dde\u5e02"},{"cid":"159","cname":"\u8861\u9633\u5e02"},{"cid":"363","cname":"\u6000\u5316\u5e02"},{"cid":"221","cname":"\u5a04\u5e95\u5e02"},{"cid":"273","cname":"\u90b5\u9633\u5e02"},{"cid":"313","cname":"\u6e58\u6f6d\u5e02"},{"cid":"274","cname":"\u6e58\u897f\u571f\u5bb6\u65cf\u82d7\u65cf\u81ea\u6cbb\u5dde"},{"cid":"272","cname":"\u76ca\u9633\u5e02"},{"cid":"314","cname":"\u6c38\u5dde\u5e02"},{"cid":"220","cname":"\u5cb3\u9633\u5e02"},{"cid":"312","cname":"\u5f20\u5bb6\u754c\u5e02"},{"cid":"222","cname":"\u682a\u6d32\u5e02"}]},{"pid":"18","pname":"\u6c5f\u82cf","city":[{"cid":"348","cname":"\u5e38\u5dde\u5e02"},{"cid":"162","cname":"\u6dee\u5b89\u5e02"},{"cid":"347","cname":"\u8fde\u4e91\u6e2f\u5e02"},{"cid":"315","cname":"\u5357\u4eac\u5e02"},{"cid":"161","cname":"\u5357\u901a\u5e02"},{"cid":"277","cname":"\u5bbf\u8fc1\u5e02"},{"cid":"224","cname":"\u82cf\u5dde\u5e02"},{"cid":"276","cname":"\u6cf0\u5dde\u5e02"},{"cid":"317","cname":"\u65e0\u9521\u5e02"},{"cid":"316","cname":"\u5f90\u5dde\u5e02"},{"cid":"223","cname":"\u76d0\u57ce\u5e02"},{"cid":"346","cname":"\u626c\u5dde\u5e02"},{"cid":"160","cname":"\u9547\u6c5f\u5e02"}]},{"pid":"31","pname":"\u6c5f\u897f","city":[{"cid":"226","cname":"\u629a\u5dde\u5e02"},{"cid":"365","cname":"\u8d63\u5dde\u5e02"},{"cid":"318","cname":"\u5409\u5b89\u5e02"},{"cid":"225","cname":"\u666f\u5fb7\u9547\u5e02"},{"cid":"349","cname":"\u4e5d\u6c5f\u5e02"},{"cid":"163","cname":"\u5357\u660c\u5e02"},{"cid":"350","cname":"\u840d\u4e61\u5e02"},{"cid":"364","cname":"\u4e0a\u9976\u5e02"},{"cid":"164","cname":"\u65b0\u4f59\u5e02"},{"cid":"278","cname":"\u5b9c\u6625\u5e02"},{"cid":"279","cname":"\u9e70\u6f6d\u5e02"}]},{"pid":"9","pname":"\u5409\u6797","city":[{"cid":"51","cname":"\u767d\u57ce\u5e02"},{"cid":"57","cname":"\u767d\u5c71\u5e02"},{"cid":"53","cname":"\u957f\u6625\u5e02"},{"cid":"55","cname":"\u5409\u6797\u5e02"},{"cid":"183","cname":"\u8fbd\u6e90\u5e02"},{"cid":"56","cname":"\u56db\u5e73\u5e02"},{"cid":"52","cname":"\u677e\u539f\u5e02"},{"cid":"165","cname":"\u901a\u5316\u5e02"},{"cid":"54","cname":"\u5ef6\u8fb9\u671d\u9c9c\u65cf\u81ea\u6cbb\u5dde"}]},{"pid":"19","pname":"\u8fbd\u5b81","city":[{"cid":"320","cname":"\u978d\u5c71\u5e02"},{"cid":"227","cname":"\u672c\u6eaa\u5e02"},{"cid":"280","cname":"\u671d\u9633\u5e02"},{"cid":"167","cname":"\u5927\u8fde\u5e02"},{"cid":"282","cname":"\u4e39\u4e1c\u5e02"},{"cid":"184","cname":"\u629a\u987a\u5e02"},{"cid":"59","cname":"\u961c\u65b0\u5e02"},{"cid":"319","cname":"\u846b\u82a6\u5c9b\u5e02"},{"cid":"166","cname":"\u9526\u5dde\u5e02"},{"cid":"351","cname":"\u8fbd\u9633\u5e02"},{"cid":"228","cname":"\u76d8\u9526\u5e02"},{"cid":"58","cname":"\u6c88\u9633\u5e02"},{"cid":"60","cname":"\u94c1\u5cad\u5e02"},{"cid":"281","cname":"\u8425\u53e3\u5e02"}]},{"pid":"22","pname":"\u5185\u8499\u53e4","city":[{"cid":"230","cname":"\u963f\u62c9\u5584\u76df"},{"cid":"229","cname":"\u5305\u5934\u5e02"},{"cid":"169","cname":"\u5df4\u5f66\u6dd6\u5c14\u5e02"},{"cid":"297","cname":"\u8d64\u5cf0\u5e02"},{"cid":"283","cname":"\u9102\u5c14\u591a\u65af\u5e02"},{"cid":"321","cname":"\u547c\u548c\u6d69\u7279\u5e02"},{"cid":"61","cname":"\u547c\u4f26\u8d1d\u5c14\u5e02"},{"cid":"64","cname":"\u901a\u8fbd\u5e02"},{"cid":"123","cname":"\u4e4c\u6d77\u5e02"},{"cid":"168","cname":"\u4e4c\u5170\u5bdf\u5e03\u5e02"},{"cid":"63","cname":"\u9521\u6797\u90ed\u52d2\u76df"},{"cid":"62","cname":"\u5174\u5b89\u76df"}]},{"pid":"20","pname":"\u5b81\u590f","city":[{"cid":"246","cname":"\u56fa\u539f\u5e02"},{"cid":"335","cname":"\u77f3\u5634\u5c71\u5e02"},{"cid":"322","cname":"\u5434\u5fe0\u5e02"},{"cid":"360","cname":"\u94f6\u5ddd\u5e02"},{"cid":"181","cname":"\u4e2d\u536b\u5e02"}]},{"pid":"11","pname":"\u9752\u6d77","city":[{"cid":"72","cname":"\u679c\u6d1b\u85cf\u65cf\u81ea\u6cbb\u5dde"},{"cid":"67","cname":"\u6d77\u5317\u85cf\u65cf\u81ea\u6cbb\u5dde"},{"cid":"69","cname":"\u6d77\u4e1c\u5730\u533a"},{"cid":"68","cname":"\u6d77\u5357\u85cf\u65cf\u81ea\u6cbb\u5dde"},{"cid":"65","cname":"\u6d77\u897f\u8499\u53e4\u65cf\u85cf\u65cf\u81ea\u6cbb\u5dde"},{"cid":"70","cname":"\u9ec4\u5357\u85cf\u65cf\u81ea\u6cbb\u5dde"},{"cid":"66","cname":"\u897f\u5b81\u5e02"},{"cid":"71","cname":"\u7389\u6811\u85cf\u65cf\u81ea\u6cbb\u5dde"}]},{"pid":"8","pname":"\u5c71\u4e1c","city":[{"cid":"235","cname":"\u6ee8\u5dde\u5e02"},{"cid":"372","cname":"\u5fb7\u5dde\u5e02"},{"cid":"174","cname":"\u4e1c\u8425\u5e02"},{"cid":"353","cname":"\u83cf\u6cfd\u5e02"},{"cid":"288","cname":"\u6d4e\u5357\u5e02"},{"cid":"286","cname":"\u6d4e\u5b81\u5e02"},{"cid":"124","cname":"\u83b1\u829c\u5e02"},{"cid":"366","cname":"\u804a\u57ce\u5e02"},{"cid":"234","cname":"\u4e34\u6c82\u5e02"},{"cid":"236","cname":"\u9752\u5c9b\u5e02"},{"cid":"173","cname":"\u65e5\u7167\u5e02"},{"cid":"325","cname":"\u6cf0\u5b89\u5e02"},{"cid":"287","cname":"\u6f4d\u574a\u5e02"},{"cid":"175","cname":"\u5a01\u6d77\u5e02"},{"cid":"326","cname":"\u70df\u53f0\u5e02"},{"cid":"172","cname":"\u67a3\u5e84\u5e02"},{"cid":"354","cname":"\u6dc4\u535a\u5e02"}]},{"pid":"289","pname":"\u4e0a\u6d77","city":[{"cid":"1422","cname":"\u5b9d\u5c71\u533a"},{"cid":"2184","cname":"\u957f\u5b81\u533a"},{"cid":"2908","cname":"\u5d07\u660e\u53bf"},{"cid":"2294","cname":"\u5949\u8d24\u533a"},{"cid":"2466","cname":"\u8679\u53e3\u533a"},{"cid":"2896","cname":"\u9ec4\u6d66\u533a"},{"cid":"2793","cname":"\u5609\u5b9a\u533a"},{"cid":"2826","cname":"\u9759\u5b89\u533a"},{"cid":"1514","cname":"\u91d1\u5c71\u533a"},{"cid":"1842","cname":"\u5362\u6e7e\u533a"},{"cid":"1423","cname":"\u95f5\u884c\u533a"},{"cid":"2183","cname":"\u6d66\u4e1c\u65b0\u533a"},{"cid":"1840","cname":"\u666e\u9640\u533a"},{"cid":"2892","cname":"\u9752\u6d66\u533a"},{"cid":"1841","cname":"\u677e\u6c5f\u533a"},{"cid":"2467","cname":"\u5f90\u6c47\u533a"},{"cid":"1839","cname":"\u6768\u6d66\u533a"},{"cid":"2694","cname":"\u95f8\u5317\u533a"}]},{"pid":"10","pname":"\u5c71\u897f","city":[{"cid":"356","cname":"\u957f\u6cbb\u5e02"},{"cid":"355","cname":"\u5927\u540c\u5e02"},{"cid":"290","cname":"\u664b\u57ce\u5e02"},{"cid":"238","cname":"\u664b\u4e2d\u5e02"},{"cid":"368","cname":"\u4e34\u6c7e\u5e02"},{"cid":"327","cname":"\u5415\u6881\u5e02"},{"cid":"237","cname":"\u6714\u5dde\u5e02"},{"cid":"176","cname":"\u592a\u539f\u5e02"},{"cid":"367","cname":"\u5ffb\u5dde\u5e02"},{"cid":"357","cname":"\u9633\u6cc9\u5e02"},{"cid":"328","cname":"\u8fd0\u57ce\u5e02"}]},{"pid":"27","pname":"\u9655\u897f","city":[{"cid":"324","cname":"\u5b89\u5eb7\u5e02"},{"cid":"171","cname":"\u5b9d\u9e21\u5e02"},{"cid":"352","cname":"\u6c49\u4e2d\u5e02"},{"cid":"285","cname":"\u5546\u6d1b\u5e02"},{"cid":"232","cname":"\u94dc\u5ddd\u5e02"},{"cid":"170","cname":"\u6e2d\u5357\u5e02"},{"cid":"233","cname":"\u897f\u5b89\u5e02"},{"cid":"323","cname":"\u54b8\u9633\u5e02"},{"cid":"284","cname":"\u5ef6\u5b89\u5e02"},{"cid":"231","cname":"\u6986\u6797\u5e02"}]},{"pid":"32","pname":"\u56db\u5ddd","city":[{"cid":"185","cname":"\u963f\u575d\u85cf\u65cf\u7f8c\u65cf\u81ea\u6cbb\u5dde"},{"cid":"239","cname":"\u5df4\u4e2d\u5e02"},{"cid":"75","cname":"\u6210\u90fd\u5e02"},{"cid":"369","cname":"\u8fbe\u5dde\u5e02"},{"cid":"74","cname":"\u5fb7\u9633\u5e02"},{"cid":"73","cname":"\u7518\u5b5c\u85cf\u65cf\u81ea\u6cbb\u5dde"},{"cid":"241","cname":"\u5e7f\u5b89\u5e02"},{"cid":"329","cname":"\u5e7f\u5143\u5e02"},{"cid":"79","cname":"\u4e50\u5c71\u5e02"},{"cid":"80","cname":"\u51c9\u5c71\u5f5d\u65cf\u81ea\u6cbb\u5dde"},{"cid":"331","cname":"\u6cf8\u5dde\u5e02"},{"cid":"77","cname":"\u7709\u5c71\u5e02"},{"cid":"240","cname":"\u7ef5\u9633\u5e02"},{"cid":"291","cname":"\u5357\u5145\u5e02"},{"cid":"248","cname":"\u5185\u6c5f\u5e02"},{"cid":"81","cname":"\u6500\u679d\u82b1\u5e02"},{"cid":"330","cname":"\u9042\u5b81\u5e02"},{"cid":"76","cname":"\u96c5\u5b89\u5e02"},{"cid":"186","cname":"\u5b9c\u5bbe\u5e02"},{"cid":"78","cname":"\u81ea\u8d21\u5e02"},{"cid":"242","cname":"\u8d44\u9633\u5e02"}]},{"pid":"332","pname":"\u5929\u6d25","city":[{"cid":"2207","cname":"\u5b9d\u577b\u533a"},{"cid":"1454","cname":"\u5317\u8fb0\u533a"},{"cid":"8336","cname":"\u6ee8\u6d77\u65b0\u533a"},{"cid":"2481","cname":"\u4e1c\u4e3d\u533a"},{"cid":"2700","cname":"\u6cb3\u5317\u533a"},{"cid":"2827","cname":"\u6cb3\u4e1c\u533a"},{"cid":"1869","cname":"\u548c\u5e73\u533a"},{"cid":"1455","cname":"\u6cb3\u897f\u533a"},{"cid":"1868","cname":"\u7ea2\u6865\u533a"},{"cid":"1870","cname":"\u9759\u6d77\u53bf"},{"cid":"2701","cname":"\u6d25\u5357\u533a"},{"cid":"1481","cname":"\u84df\u53bf"},{"cid":"2482","cname":"\u5357\u5f00\u533a"},{"cid":"1867","cname":"\u5b81\u6cb3\u53bf"},{"cid":"2899","cname":"\u6b66\u6e05\u533a"},{"cid":"2206","cname":"\u897f\u9752\u533a"}]},{"pid":"2912","pname":"\u9999\u6e2f","city":[{"cid":"2922","cname":"\u5317\u533a"},{"cid":"2923","cname":"\u5927\u57d4\u533a"},{"cid":"2932","cname":"\u4e1c\u533a"},{"cid":"2933","cname":"\u89c2\u5858\u533a"},{"cid":"2928","cname":"\u9ec4\u5927\u4ed9\u533a"},{"cid":"2926","cname":"\u4e5d\u9f99\u57ce\u533a"},{"cid":"2925","cname":"\u8475\u9752\u533a"},{"cid":"2914","cname":"\u79bb\u5c9b\u533a"},{"cid":"2929","cname":"\u5357\u533a"},{"cid":"2921","cname":"\u8343\u6e7e\u533a"},{"cid":"2924","cname":"\u6c99\u7530\u533a"},{"cid":"2927","cname":"\u6df1\u6c34\u57d7\u533a"},{"cid":"2919","cname":"\u5c6f\u95e8\u533a"},{"cid":"2931","cname":"\u6e7e\u4ed4\u533a"},{"cid":"2913","cname":"\u897f\u8d21\u533a"},{"cid":"2934","cname":"\u6cb9\u5c16\u65fa\u533a"},{"cid":"2920","cname":"\u5143\u6717\u533a"},{"cid":"2930","cname":"\u4e2d\u897f\u533a"}]},{"pid":"13","pname":"\u897f\u85cf","city":[{"cid":"103","cname":"\u963f\u91cc\u5730\u533a"},{"cid":"99","cname":"\u660c\u90fd\u5730\u533a"},{"cid":"100","cname":"\u62c9\u8428\u5e02"},{"cid":"98","cname":"\u6797\u829d\u5730\u533a"},{"cid":"101","cname":"\u90a3\u66f2\u5730\u533a"},{"cid":"102","cname":"\u65e5\u5580\u5219\u5730\u533a"},{"cid":"97","cname":"\u5c71\u5357\u5730\u533a"}]},{"pid":"12","pname":"\u65b0\u7586","city":[{"cid":"85","cname":"\u963f\u514b\u82cf\u5730\u533a"},{"cid":"731","cname":"\u963f\u62c9\u5c14\u5e02"},{"cid":"96","cname":"\u963f\u52d2\u6cf0\u5730\u533a"},{"cid":"86","cname":"\u5df4\u97f3\u90ed\u695e\u8499\u53e4\u81ea\u6cbb\u5dde"},{"cid":"88","cname":"\u535a\u5c14\u5854\u62c9\u8499\u53e4\u81ea\u6cbb\u5dde"},{"cid":"93","cname":"\u660c\u5409\u56de\u65cf\u81ea\u6cbb\u5dde"},{"cid":"91","cname":"\u54c8\u5bc6\u5730\u533a"},{"cid":"82","cname":"\u548c\u7530\u5730\u533a"},{"cid":"83","cname":"\u5580\u4ec0\u5730\u533a"},{"cid":"95","cname":"\u514b\u62c9\u739b\u4f9d\u5e02"},{"cid":"84","cname":"\u514b\u5b5c\u52d2\u82cf\u67ef\u5c14\u514b\u5b5c\u81ea\u6cbb\u5dde"},{"cid":"770","cname":"\u77f3\u6cb3\u5b50\u5e02"},{"cid":"94","cname":"\u5854\u57ce\u5730\u533a"},{"cid":"89","cname":"\u5410\u9c81\u756a\u5730\u533a"},{"cid":"792","cname":"\u56fe\u6728\u8212\u514b\u5e02"},{"cid":"789","cname":"\u4e94\u5bb6\u6e20\u5e02"},{"cid":"92","cname":"\u4e4c\u9c81\u6728\u9f50\u5e02"},{"cid":"90","cname":"\u4f0a\u7281\u54c8\u8428\u514b\u81ea\u6cbb\u5dde"}]},{"pid":"28","pname":"\u4e91\u5357","city":[{"cid":"112","cname":"\u4fdd\u5c71\u5e02"},{"cid":"105","cname":"\u695a\u96c4\u5f5d\u65cf\u81ea\u6cbb\u5dde"},{"cid":"111","cname":"\u5927\u7406\u767d\u65cf\u81ea\u6cbb\u5dde"},{"cid":"116","cname":"\u5fb7\u5b8f\u50a3\u65cf\u666f\u9887\u65cf\u81ea\u6cbb\u5dde"},{"cid":"115","cname":"\u8fea\u5e86\u85cf\u65cf\u81ea\u6cbb\u5dde"},{"cid":"107","cname":"\u7ea2\u6cb3\u54c8\u5c3c\u65cf\u5f5d\u65cf\u81ea\u6cbb\u5dde"},{"cid":"104","cname":"\u6606\u660e\u5e02"},{"cid":"114","cname":"\u4e3d\u6c5f\u5e02"},{"cid":"110","cname":"\u4e34\u6ca7\u5e02"},{"cid":"113","cname":"\u6012\u6c5f\u5088\u50f3\u65cf\u81ea\u6cbb\u5dde"},{"cid":"108","cname":"\u666e\u6d31\u5e02"},{"cid":"249","cname":"\u66f2\u9756\u5e02"},{"cid":"177","cname":"\u6587\u5c71\u58ee\u65cf\u82d7\u65cf\u81ea\u6cbb\u5dde"},{"cid":"109","cname":"\u897f\u53cc\u7248\u7eb3\u50a3\u65cf\u81ea\u6cbb\u5dde"},{"cid":"106","cname":"\u7389\u6eaa\u5e02"},{"cid":"336","cname":"\u662d\u901a\u5e02"}]},{"pid":"29","pname":"\u6d59\u6c5f","city":[{"cid":"179","cname":"\u676d\u5dde\u5e02"},{"cid":"294","cname":"\u6e56\u5dde\u5e02"},{"cid":"334","cname":"\u5609\u5174\u5e02"},{"cid":"333","cname":"\u91d1\u534e\u5e02"},{"cid":"292","cname":"\u4e3d\u6c34\u5e02"},{"cid":"180","cname":"\u5b81\u6ce2\u5e02"},{"cid":"243","cname":"\u8862\u5dde\u5e02"},{"cid":"293","cname":"\u7ecd\u5174\u5e02"},{"cid":"244","cname":"\u53f0\u5dde\u5e02"},{"cid":"178","cname":"\u6e29\u5dde\u5e02"},{"cid":"245","cname":"\u821f\u5c71\u5e02"}]}]}