{
  "activity": [{
    "cls": "com.baidu.searchbox.home.feed.FeedDetailActivity"
    },
    {
      "cls": "com.baidu.searchbox.xsearch.UserSubscribeCenterActivity"
    },
    {
      "cls": "com.baidu.searchbox.home.feed.ShortVideoDetailActivity"
    },
    {
      "cls": "com.baidu.searchbox.home.feed.ThirdPartDetailActivity"
    },
    {
      "cls": "com.baidu.searchbox.lightbrowser.LightBrowserActivity"
    },
    {
      "cls": "com.baidu.searchbox.sociality.star.activity.StarSquareActivity"
    },
    {
      "cls": "com.baidu.searchbox.home.feed.FeedCommentActivity"
    },
    {
      "cls": "com.baidu.searchbox.discovry.novel.NovelHomeActivity"
    },
    {
      "cls": "com.baidu.searchbox.discovry.novel.NovelDetailActivity"
    },
    {
      "cls": "com.baidu.searchbox.discovry.novel.NovelPayActivity"
    },
    {
      "cls": "com.baidu.searchbox.wallet.WalletServiceActivity"
    },
    {
      "cls": "com.baidu.searchbox.sociality.star.activity.StarHomePageActivity"
    },
    {
      "cls": "com.baidu.searchbox.sociality.star.activity.StarSearchActivity"
    },
    {
      "cls": "com.baidu.searchbox.discovery.picture.PictureBrowseActivity"
    }]
}