{
    "json": true, 
    "version": 0, 
    "name": "barcodeNav", 
    "catalogList": [
        {
            "content": {
                "url": "http://h5.m.taobao.com/app/smg/index.html?barcode=%s#needLogin", 
                "startDate": 1425744001000, 
                "filterBarcodeList": [
                    "6902022131486", 
                    "6902022130601", 
                    "6920354814082", 
                    "6920354814051", 
                    "6920354814075", 
                    "6920354811401", 
                    "6920354811395", 
                    "6907376820260", 
                    "8850339008039", 
                    "6907376820345", 
                    "6903624800169", 
                    "6903624500250", 
                    "6913991300704", 
                    "6913991301220", 
                    "6902088113990", 
                    "6902088113983", 
                    "6902088114010", 
                    "6902088113990", 
                    "6902088114027", 
                    "6902088114003", 
                    "4901872836253", 
                    "4901872836253", 
                    "6922731800695", 
                    "6922731800695", 
                    "6903244370950", 
                    "6921443435485", 
                    "6921443431456", 
                    "6934660516745", 
                    "6903148091449", 
                    "6903148091425", 
                    "6903148091432", 
                    "6903148204078", 
                    "6903148202449", 
                    "6903148080023", 
                    "6903148079997", 
                    "6903148080016", 
                    "6903148044964", 
                    "6903148044971", 
                    "6903148101742", 
                    "6903148044957", 
                    "6920174744743", 
                    "6920174764109", 
                    "6920174700565", 
                    "6920174700589", 
                    "6925911510322", 
                    "6925911500248", 
                    "6902022137297", 
                    "6902022137310", 
                    "6902022137273", 
                    "6902022137259", 
                    "6902022137235", 
                    "6902022137211", 
                    "6902022137396", 
                    "6902022137372", 
                    "6902022137358", 
                    "6902022137334", 
                    "6902022138560", 
                    "6902022137518", 
                    "6902022137914", 
                    "6902022137990", 
                    "6902022137709", 
                    "6902022137952", 
                    "6902022138034", 
                    "6902022137495", 
                    "6902022137891", 
                    "6902022137976", 
                    "6902022137532", 
                    "6902022137938", 
                    "6902022138010", 
                    "6902022138102", 
                    "6920174737189", 
                    "6902088707434", 
                    "6902088709131", 
                    "6902088707403", 
                    "6902088707427", 
                    "6902088707410", 
                    "6902088709117", 
                    "6922266445057", 
                    "6922266445248", 
                    "6914068013138", 
                    "6914068013121", 
                    "", 
                    "6901209209970", 
                    "6901209209833", 
                    "8935024149669", 
                    "8935024156117", 
                    "8935024142370", 
                    "8935024141342", 
                    "8935024143353", 
                    "8935024143360", 
                    "8935024143384", 
                    "8935024147573", 
                    "6923644274238", 
                    "6923644274221", 
                    "4260290260041", 
                    "4260290260003", 
                    "6917878045153", 
                    "6917878045139", 
                    "6917878045122", 
                    "6907992507385", 
                    "6907992507095", 
                    "6902018770491", 
                    "6949352201588", 
                    "6949352201106", 
                    "6949352201113", 
                    "6949352201588", 
                    "6949352201137", 
                    "721031960124", 
                    "721031009762", 
                    "721031926519", 
                    "721031090029", 
                    "721031026059", 
                    "0721031960124", 
                    "0721031009762", 
                    "0721031926519", 
                    "0721031090029", 
                    "0721031026059", 
                    "6901035609272", 
                    "6901035609265", 
                    "6901035609272", 
                    "6901035609273", 
                    "6901035605328", 
                    "6901035601764", 
                    "6901035605335", 
                    "6901035601771", 
                    "6902902009072", 
                    "6948195810117", 
                    "6948195802617", 
                    "6948195802624", 
                    "6948195802631", 
                    "6948195805717", 
                    "6948195805700", 
                    "6948195810131", 
                    "6948195802648", 
                    "6948195810247", 
                    "6948195802662", 
                    "6948195807261", 
                    "6948195807254", 
                    "6948195810117", 
                    "6948195809999", 
                    "6948195803881", 
                    "6948195810728", 
                    "6948195810834", 
                    "6948195802655", 
                    "6948195807551", 
                    "6948195809944", 
                    "6948195807506", 
                    "6948195800446", 
                    "6948195800453", 
                    "6948195807513", 
                    "6948195800484", 
                    "6948195807520", 
                    "6948195800491", 
                    "6948195807537", 
                    "6948195800507", 
                    "6948195800514", 
                    "6948195807551", 
                    "6948195800514", 
                    "6948195800514", 
                    "6948195800538", 
                    "6948195810100", 
                    "6948195800521", 
                    "6948195800552", 
                    "6948195800545", 
                    "6948195800415", 
                    "6948195800941", 
                    "6948195800958", 
                    "6948195800958", 
                    "6948195809456", 
                    "6948195800965", 
                    "6948195800972", 
                    "6948195800989", 
                    "6948195811176", 
                    "6948195800996", 
                    "6948195811015", 
                    "6948195805724", 
                    "6948195811114", 
                    "6948195801016", 
                    "6939078001449", 
                    "6923564150063", 
                    "6922130101355", 
                    "6907619663364", 
                    "6907619663470", 
                    "6925843403365", 
                    "3260711080006", 
                    "5410291011404", 
                    "8000500003787", 
                    "80050278", 
                    "80135906", 
                    "6942836700379", 
                    "6942836700133", 
                    "6942836700218", 
                    "6942836700256", 
                    "6942836700171", 
                    "6942836703790", 
                    "6942836700140", 
                    "6942836700225", 
                    "6942836700188", 
                    "6942836705978", 
                    "6942836700133", 
                    "6942836703790", 
                    "6942836700881", 
                    "6942836700348", 
                    "6942836700355", 
                    "6942836700386", 
                    "6942836700393", 
                    "6942836706456", 
                    "6942836706463", 
                    "6942836709211", 
                    "077330012416", 
                    "0773300124164", 
                    "077330342056", 
                    "077330759168", 
                    "0077330012416", 
                    "00773300124164", 
                    "0077330342056", 
                    "0077330759168", 
                    "", 
                    "716221050587", 
                    "0716221050587", 
                    "0206453140014", 
                    "0208890876884", 
                    "4891338022217", 
                    "4891338022200", 
                    "4891338022200", 
                    "6903148054215", 
                    "6903148183786", 
                    "6903148094365", 
                    "6903148224984", 
                    "6903148217993", 
                    "6903148226131", 
                    "6903148099483", 
                    "6903148082102", 
                    "6903148082119", 
                    "6903148082133", 
                    "6903148139400", 
                    "6922731840530", 
                    "6922731882516", 
                    "6903148138182", 
                    "6903148138175", 
                    "6903148138199", 
                    "6903148222300", 
                    "6903148138250", 
                    "6903148138243", 
                    "6921443437250", 
                    "6921443437267", 
                    "6903148048801", 
                    "6903148048788", 
                    "6903148048795", 
                    "6903148103623", 
                    "6902088113136", 
                    "6902088119282", 
                    "6902088113730", 
                    "6902088113112", 
                    "6902088113129", 
                    "6955818202372", 
                    "6903966790203", 
                    "6903966790227", 
                    "6925911510421", 
                    "6925911518687", 
                    "6925911501566", 
                    "6925911500132", 
                    "6922266447310", 
                    "6922266447327", 
                    "6922266443770", 
                    "6922266443787", 
                    "6903244984157", 
                    "6903244984102", 
                    "6914068017570", 
                    "6914068017624", 
                    "6914068017563", 
                    "6917878026084", 
                    "6917878026060", 
                    "6917878044118", 
                    "", 
                    "6934660594408", 
                    "6934660595436", 
                    "6934660562049", 
                    "6934660562889", 
                    "6934660567044", 
                    "6934660567884", 
                    "6934660567686", 
                    "6934660562681", 
                    "6934660594606", 
                    "6934660594200", 
                    "6934660594804", 
                    "6934660595436", 
                    "8801555300100", 
                    "8801194701375", 
                    "6936516980021", 
                    "6936516980014", 
                    "6943052100127", 
                    "6943052100110", 
                    "6925861571299", 
                    "6925861571305", 
                    "6925861571159", 
                    "6925861571534", 
                    "6920584471215", 
                    "6930763971559", 
                    "6920584471017", 
                    "6920584471048", 
                    "6920584471055", 
                    "6925861571466", 
                    "6920584471055", 
                    "6920584471345", 
                    "", 
                    "6920584471222", 
                    "6930763971221", 
                    "6920584471567", 
                    "69021824", 
                    "6902088800746", 
                    "6902088800760", 
                    "6902088800753", 
                    "6901721495455", 
                    "6901721495363", 
                    "6901721496186", 
                    "6901721495776", 
                    "6901721495462", 
                    "6923644272630", 
                    "6923644272623", 
                    "6907992507064", 
                    "6907992509174", 
                    "6902952889822", 
                    "6903102105069", 
                    "6903102105502", 
                    "6903102105205", 
                    "6903102105038", 
                    "6903102105045", 
                    "6923564100020", 
                    "6908791102146", 
                    "6908791102153", 
                    "6908791102139", 
                    "6908791002798", 
                    "6901012021967", 
                    "6901012054538", 
                    "6936986800041", 
                    "6936986812105", 
                    "6936986832080", 
                    "7630023690266", 
                    "6918598021182", 
                    "6918598028815", 
                    "6918598021823", 
                    "6954434300851", 
                    "6954434301049", 
                    "6954434300868", 
                    "6954434300875", 
                    "6954434301094", 
                    "6954434301049", 
                    "8858761400230", 
                    "8858761400254", 
                    "8934760211005", 
                    "8934760211845", 
                    "8934760211852", 
                    "8934760211876", 
                    "8934760212033", 
                    "8934760211975", 
                    "6958620700005", 
                    "6958620700098", 
                    "6958620700432", 
                    "6958620700319", 
                    "6958620700319", 
                    "6958620700418", 
                    "6958620700036", 
                    "6958620700210", 
                    "6958620700326", 
                    "6958620700364", 
                    "6958620700012", 
                    "6959620700392", 
                    "6914782208216", 
                    "6914782208230", 
                    "6914782208223", 
                    "6914782208025", 
                    "4547691439611", 
                    "4547691656148", 
                    "4547691439628", 
                    "6913991300483", 
                    "6913991300483", 
                    "6922731830029", 
                    "6922731881977", 
                    "6903148169568", 
                    "6903148200254", 
                    "6903148116036", 
                    "6903148169551", 
                    "6903148169544", 
                    "6920177923770", 
                    "6955818212296", 
                    "6920177915430", 
                    "6920177962250", 
                    "6926799690830", 
                    "6926799690823", 
                    "6926799690816", 
                    "6901236379943", 
                    "6901236352533", 
                    "6901236341292", 
                    "6901236382394", 
                    "6914068014593", 
                    "6914068010663", 
                    "6923589441429", 
                    "6923589446417", 
                    "6923589447919", 
                    "6923589447414", 
                    "6923589441412", 
                    "6923589441443", 
                    "6923589446981", 
                    "", 
                    "6923589446332", 
                    "", 
                    "6923589447872", 
                    "", 
                    "6923589447933", 
                    "", 
                    "6923589441436", 
                    "6953818204037", 
                    "6953818203030", 
                    "6953818205034", 
                    "6953818202033", 
                    "6953818201012", 
                    "6924743912748", 
                    "6924743916074", 
                    "6924743911581", 
                    "6923555238770", 
                    "6923555212794", 
                    "6923555212770", 
                    "6923555233195", 
                    "6901333100518", 
                    "6901333110524", 
                    "6901333200423", 
                    "6901333100914", 
                    "6948960100078", 
                    "6916058680603", 
                    "6948960100474", 
                    "6948960102195", 
                    "6948960100511", 
                    "6916058680573", 
                    "6901481008957", 
                    "6901584194212", 
                    "6901584194311", 
                    "6901009914685", 
                    "6901009914685", 
                    "", 
                    "6920601711195", 
                    "6920601711218", 
                    "6920601711423", 
                    "6920601711201", 
                    "6920601711805", 
                    "6920601711812", 
                    "6920601711805", 
                    "6920601711812", 
                    "6920601713083", 
                    "6920601713090", 
                    "6920601711409", 
                    "6920601711416", 
                    "6920601711195", 
                    "6920601711218", 
                    "6914973604032", 
                    "6914973600010", 
                    "6914973600102", 
                    "6914973600072", 
                    "6914973600133", 
                    "6914973600164", 
                    "6914973106956", 
                    "6914973603318", 
                    "6914973603325", 
                    "6914973604193", 
                    "6914973604414", 
                    "6914973605299", 
                    "6914973605312", 
                    "6914973600041", 
                    "6907305692654", 
                    "6907305670386", 
                    "6907305681542", 
                    "6907305681634", 
                    "6907305681900", 
                    "6907305670386", 
                    "6920912357761", 
                    "6920912359475", 
                    "6920912357655", 
                    "6920912357662", 
                    "6920912357679", 
                    "6920912357716", 
                    "6920912360266", 
                    "6920912357686", 
                    "6920912359765", 
                    "6920912360037", 
                    "6920912361072", 
                    "6909995121209", 
                    "6920766218058", 
                    "6920297212303", 
                    "6920616312097", 
                    "6909995102093", 
                    "6905734102096", 
                    "6920546800053", 
                    "6920766212094", 
                    "6941001610932", 
                    "6920766211608", 
                    "6920616317580", 
                    "6909995117691", 
                    "6909995117189", 
                    "6909995110326", 
                    "6920616312073", 
                    "6902088603996", 
                    "6902088604214", 
                    "6902088304879", 
                    "6902088304848", 
                    "6902088304855", 
                    "6902088304862", 
                    "7702018359295", 
                    "6903148193938", 
                    "6903148193907", 
                    "6925911517109", 
                    "6925911517086", 
                    "6901236382516", 
                    "6901236351505", 
                    "8716200708111", 
                    "8716200278775", 
                    "6916457002327", 
                    "6916457002334", 
                    "6916457002341", 
                    "4901301230881", 
                    "4901301230843", 
                    "4901301253422", 
                    "4901301230812", 
                    "4901301230782", 
                    "6941326203611", 
                    "6941326201204", 
                    "6941326204748", 
                    "6941326201235", 
                    "6941326202423", 
                    "6941326203451", 
                    "6941326203659", 
                    "6941326208722", 
                    "6941326203444", 
                    "6941326201198", 
                    "6941326204731", 
                    "6941326201228", 
                    "6941326202416", 
                    "6941326203390", 
                    "6941326203604", 
                    "01264904", 
                    "01241000", 
                    "01235504", 
                    "01264904", 
                    "6901035610407", 
                    "6901035601870", 
                    "6901035612340", 
                    "6901035610407", 
                    "6901035612364", 
                    "6914973303072", 
                    "6914973604520", 
                    "6914973305663", 
                    "69029448", 
                    "6914973300828", 
                    "6907305681375", 
                    "6907305677729", 
                    "6907305679990", 
                    "6907305681382", 
                    "6907305681375", 
                    "6907305675411", 
                    "6907305675435"
                ], 
                "endDate": 1425830401000, 
                "isFilterBarcode": "true"
            }, 
            "id": 874417
        }
    ]
}