{
    "json": false, 
    "version": 0, 
    "name": "downgrade_rewrite_detail", 
    "catalogList": [
        {
            "content": {
                "origin": "^(?:https?:)?\\/\\/detail\\.(m|wapa)\\.tmall\\.com\\/item.htm(.*isOriginalH5=true.*)", 
                "new": "$0", 
                "flag": "l"
            }, 
            "id": 875294
        }, 
        {
            "content": {
                "origin": "item:id=(\\d+)", 
                "new": "http://detail.m.tmall.com/item.htm?id=$1", 
                "flag": "l"
            }, 
            "id": 875295
        }, 
        {
            "content": {
                "origin": "^(?:https?:)?//auction1\\.wap\\.taobao\\.com/auction/item_detail-\\w+-(\\d+)\\.htm", 
                "new": "http://detail.m.tmall.com/item.htm?id=$1", 
                "flag": "l"
            }, 
            "id": 875296
        }, 
        {
            "content": {
                "origin": "^(?:https?:)?//a\\.(m|waptest)\\.(taobao|tmall)\\.com/i(\\d*)\\.(htm|html)", 
                "new": "http://detail.m.tmall.com/item.htm?id=$3", 
                "flag": "l"
            }, 
            "id": 875297
        }, 
        {
            "content": {
                "origin": "^(?:https?:)?//h5\\.m\\.taobao\\.com/awp/base/cart\\.htm#\\!awp/core/detail\\.htm.*[\\?&](id|item_num_id|item_id)=(\\d+)", 
                "new": "http://detail.m.tmall.com/item.htm?id=$2", 
                "flag": "l"
            }, 
            "id": 875298
        }, 
        {
            "content": {
                "origin": "^(?:https?:)?//ju\\.taobao\\.com/tg/home\\.htm.*[\\?&](id|item_num_id|item_id)=(\\d+)", 
                "new": "http://detail.m.tmall.com/item.htm?id=$2", 
                "flag": "l"
            }, 
            "id": 875299
        }, 
        {
            "content": {
                "origin": "^(?:https?:)?//detail(\\.m)?\\.tmall\\.(hk|com)(/hk)?//?item\\.htm.*[\\?&](id|item_num_id|item_id)=(\\d+)", 
                "new": "http://detail.m.tmall.com/item.htm?id=$5", 
                "flag": "l"
            }, 
            "id": 875300
        }, 
        {
            "content": {
                "origin": "^(?:https?:)?//h5\\.(m|waptest|wapa)\\.(taobao|tmall)\\.com/awp/core/detail\\.htm.*[\\?&](id|item_num_id|item_id)=(\\d+)", 
                "new": "http://detail.m.tmall.com/item.htm?id=$4", 
                "flag": "l"
            }, 
            "id": 875301
        }, 
        {
            "content": {
                "origin": "^(?:https?:)?//miao\\.item\\.(tmall|taobao)\\.com/(\\d+)\\.htm", 
                "new": "http://detail.m.tmall.com/item.htm?id=$2", 
                "flag": "l"
            }, 
            "id": 875302
        }, 
        {
            "content": {
                "origin": "^(?:https?:)?//item\\.(tmall|taobao)\\.com/((\\d+)|item)\\.htm.*[\\?&](id|item_num_id|item_id)=(\\d+)", 
                "new": "http://detail.m.tmall.com/item.htm?id=$5", 
                "flag": "l"
            }, 
            "id": 875303
        }, 
        {
            "content": {
                "origin": "^(?:https?:)?\\/\\/ladygo(?:\\.m)?\\.tmall\\.com(?:\\/m)?\\/item\\.htm\\/?\\?((?:.*&)?(?:id|item_num_id|item_id)=(\\d+)(?:&.*)?)$", 
                "new": "http://detail.m.tmall.com/item.htm?id=$2&$1", 
                "flag": "l"
            }, 
            "id": 875304
        }, 
        {
            "content": {
                "origin": "^(?:tmall:)\\/\\/page\\.tm\\/itemDetail(.*[\\?&](id|item_num_id|item_id|itemId|itemID)=(\\d+).*)", 
                "new": "http://detail.tmall.com/item.htm$1&id=$3", 
                "flag": "l"
            }, 
            "id": 875305
        }
    ]
}