{
    "json": false, 
    "version": 0, 
    "name": "downgrade_rewrite_trade", 
    "catalogList": [
        {
            "content": {
                "origin": "tmall:\\/\\/page\\.tm\\/orderList\\?orderType=4", 
                "new": "http://h5.m.taobao.com/mlapp/olist.html", 
                "flag": "l"
            }, 
            "id": 875260
        }, 
        {
            "content": {
                "origin": "tmall:\\/\\/page\\.tm\\/orderList\\?orderType=0", 
                "new": "http://h5.m.taobao.com/mlapp/olist.html?tabCode=waitPay", 
                "flag": "l"
            }, 
            "id": 875261
        }, 
        {
            "content": {
                "origin": "tmall:\\/\\/page\\.tm\\/orderList\\?orderType=6", 
                "new": "http://h5.m.taobao.com/mlapp/olist.html?tabCode=waitSend", 
                "flag": "l"
            }, 
            "id": 875262
        }, 
        {
            "content": {
                "origin": "tmall:\\/\\/page\\.tm\\/orderList\\?orderType=1", 
                "new": "http://h5.m.taobao.com/mlapp/olist.html?tabCode=waitConfirm", 
                "flag": "l"
            }, 
            "id": 875263
        }, 
        {
            "content": {
                "origin": "tmall:\\/\\/page\\.tm\\/orderList\\?orderType=7", 
                "new": "http://h5.m.taobao.com/mlapp/olist.html?tabCode=waitRate", 
                "flag": "l"
            }, 
            "id": 875264
        }, 
        {
            "content": {
                "origin": "tmall:\\/\\/page\\.tm\\/orderList\\?orderDetail\\?tradeld=(.*)", 
                "new": "http://h5.m.taobao.com/mlapp/olist.html?bizOrderId=$1", 
                "flag": "l"
            }, 
            "id": 875265
        }, 
        {
            "content": {
                "origin": "tmall:\\/\\/page\\.tm\\/orderLogistics\\?id=(.*)", 
                "new": "http://h5.m.taobao.com/awp/mtb/oper.htm?operId=0&orderId=$1", 
                "flag": "l"
            }, 
            "id": 875266
        }, 
        {
            "content": {
                "origin": "^(?:https?:)?//(tm|trade|h5)(\\.m)?\\.(taobao|tmall)\\.com/(order|detail|trade)(/detail)?/(order_detail|orderdetail|orderDetail|trade_item_detail)\\.htm.*[\\?&](payOrderId|bizOrderId|orderId)=(\\d+)", 
                "new": "$0", 
                "flag": "l", 
                "comment": ""
            }, 
            "id": 875267
        }, 
        {
            "content": {
                "origin": "^(?:https?:)?//h5\\.m\\.taobao\\.com/awp/mtb/odetail\\.htm.*[\\?&](payOrderId|bizOrderId|orderId)=(\\d+)", 
                "new": "$0", 
                "flag": "l", 
                "comment": ""
            }, 
            "id": 875268
        }, 
        {
            "content": {
                "origin": "^(?:https?:)?\\/\\/h5\\.m\\.taobao\\.com\\/mlapp\\/odetail\\.html(?:\\?|\\?.*&)(payOrderId|bizOrderId|orderId)=(\\d+)", 
                "new": "$0", 
                "flag": "l", 
                "comment": ""
            }, 
            "id": 875269
        }, 
        {
            "content": {
                "origin": "^(?:https?:)?//(tm|trade|h5)(\\.m)?\\.(taobao|tmall)\\.com/(order|detail|trade)(/detail)?/(order_detail|orderdetail|orderDetail|trade_item_detail)\\.htm.*[\\?&](payOrderId|bizOrderId|orderId)=(\\d+)", 
                "new": "$0", 
                "flag": "l", 
                "comment": ""
            }, 
            "id": 875270
        }
    ]
}