{
    "json": true, 
    "version": 0, 
    "name": "fun", 
    "catalogList": [
        {
            "content": {
                "userProfileEmptyContent": {
                    "type": "cameraOnly", 
                    "linkUrl": "http://m.tmall.com", 
                    "linkText": "\u901b\u4e00\u901b", 
                    "emptyContent": "\u4e70\u8fc7\u90a3\u4e48\u591a\u5fc3\u7231\u7684\u7269\u54c1\n\u73b0\u5728\u62ff\u8d77\u624b\u673a\u8bb0\u5f55\u4e0b\u6765\u5427"
                }
            }, 
            "id": 874387
        }
    ]
}