{
    "json": false, 
    "version": 0, 
    "name": "intime", 
    "catalogList": [
        {
            "content": {
                "city": "\u676d\u5dde\u5e02"
            }, 
            "id": 874667
        }, 
        {
            "content": {
                "city": "\u5317\u4eac\u5e02"
            }, 
            "id": 874668
        }, 
        {
            "content": {
                "city": "\u5929\u6d25\u5e02"
            }, 
            "id": 874669
        }, 
        {
            "content": {
                "city": "\u77f3\u5bb6\u5e84\u5e02"
            }, 
            "id": 874670
        }, 
        {
            "content": {
                "city": "\u5510\u5c71\u5e02"
            }, 
            "id": 874671
        }, 
        {
            "content": {
                "city": "\u79e6\u7687\u5c9b\u5e02"
            }, 
            "id": 874672
        }, 
        {
            "content": {
                "city": "\u90af\u90f8\u5e02"
            }, 
            "id": 874673
        }, 
        {
            "content": {
                "city": "\u90a2\u53f0\u5e02"
            }, 
            "id": 874674
        }, 
        {
            "content": {
                "city": "\u4fdd\u5b9a\u5e02"
            }, 
            "id": 874675
        }, 
        {
            "content": {
                "city": "\u5f20\u5bb6\u53e3\u5e02"
            }, 
            "id": 874676
        }, 
        {
            "content": {
                "city": "\u627f\u5fb7\u5e02"
            }, 
            "id": 874677
        }, 
        {
            "content": {
                "city": "\u6ca7\u5dde\u5e02"
            }, 
            "id": 874678
        }, 
        {
            "content": {
                "city": "\u5eca\u574a\u5e02"
            }, 
            "id": 874679
        }, 
        {
            "content": {
                "city": "\u8861\u6c34\u5e02"
            }, 
            "id": 874680
        }, 
        {
            "content": {
                "city": "\u592a\u539f\u5e02"
            }, 
            "id": 874681
        }, 
        {
            "content": {
                "city": "\u5927\u540c\u5e02"
            }, 
            "id": 874682
        }, 
        {
            "content": {
                "city": "\u9633\u6cc9\u5e02"
            }, 
            "id": 874683
        }, 
        {
            "content": {
                "city": "\u957f\u6cbb\u5e02"
            }, 
            "id": 874684
        }, 
        {
            "content": {
                "city": "\u664b\u57ce\u5e02"
            }, 
            "id": 874685
        }, 
        {
            "content": {
                "city": "\u6714\u5dde\u5e02"
            }, 
            "id": 874686
        }, 
        {
            "content": {
                "city": "\u664b\u4e2d\u5e02"
            }, 
            "id": 874687
        }, 
        {
            "content": {
                "city": "\u8fd0\u57ce\u5e02"
            }, 
            "id": 874688
        }, 
        {
            "content": {
                "city": "\u5ffb\u5dde\u5e02"
            }, 
            "id": 874689
        }, 
        {
            "content": {
                "city": "\u4e34\u6c7e\u5e02"
            }, 
            "id": 874690
        }, 
        {
            "content": {
                "city": "\u5415\u6881\u5e02"
            }, 
            "id": 874691
        }, 
        {
            "content": {
                "city": "\u547c\u548c\u6d69\u7279\u5e02"
            }, 
            "id": 874692
        }, 
        {
            "content": {
                "city": "\u5305\u5934\u5e02"
            }, 
            "id": 874693
        }, 
        {
            "content": {
                "city": "\u4e4c\u6d77\u5e02"
            }, 
            "id": 874694
        }, 
        {
            "content": {
                "city": "\u8d64\u5cf0\u5e02"
            }, 
            "id": 874695
        }, 
        {
            "content": {
                "city": "\u901a\u8fbd\u5e02"
            }, 
            "id": 874696
        }, 
        {
            "content": {
                "city": "\u9102\u5c14\u591a\u65af\u5e02"
            }, 
            "id": 874697
        }, 
        {
            "content": {
                "city": "\u547c\u4f26\u8d1d\u5c14\u5e02"
            }, 
            "id": 874698
        }, 
        {
            "content": {
                "city": "\u5df4\u5f66\u6dd6\u5c14\u5e02"
            }, 
            "id": 874699
        }, 
        {
            "content": {
                "city": "\u4e4c\u5170\u5bdf\u5e03\u5e02"
            }, 
            "id": 874700
        }, 
        {
            "content": {
                "city": "\u5174\u5b89\u76df"
            }, 
            "id": 874701
        }, 
        {
            "content": {
                "city": "\u9521\u6797\u90ed\u52d2\u76df"
            }, 
            "id": 874702
        }, 
        {
            "content": {
                "city": "\u963f\u62c9\u5584\u76df"
            }, 
            "id": 874703
        }, 
        {
            "content": {
                "city": "\u6c88\u9633\u5e02"
            }, 
            "id": 874704
        }, 
        {
            "content": {
                "city": "\u5927\u8fde\u5e02"
            }, 
            "id": 874705
        }, 
        {
            "content": {
                "city": "\u978d\u5c71\u5e02"
            }, 
            "id": 874706
        }, 
        {
            "content": {
                "city": "\u629a\u987a\u5e02"
            }, 
            "id": 874707
        }, 
        {
            "content": {
                "city": "\u672c\u6eaa\u5e02"
            }, 
            "id": 874708
        }, 
        {
            "content": {
                "city": "\u4e39\u4e1c\u5e02"
            }, 
            "id": 874709
        }, 
        {
            "content": {
                "city": "\u9526\u5dde\u5e02"
            }, 
            "id": 874710
        }, 
        {
            "content": {
                "city": "\u8425\u53e3\u5e02"
            }, 
            "id": 874711
        }, 
        {
            "content": {
                "city": "\u961c\u65b0\u5e02"
            }, 
            "id": 874712
        }, 
        {
            "content": {
                "city": "\u8fbd\u9633\u5e02"
            }, 
            "id": 874713
        }, 
        {
            "content": {
                "city": "\u76d8\u9526\u5e02"
            }, 
            "id": 874714
        }, 
        {
            "content": {
                "city": "\u94c1\u5cad\u5e02"
            }, 
            "id": 874715
        }, 
        {
            "content": {
                "city": "\u671d\u9633\u5e02"
            }, 
            "id": 874716
        }, 
        {
            "content": {
                "city": "\u846b\u82a6\u5c9b\u5e02"
            }, 
            "id": 874717
        }, 
        {
            "content": {
                "city": "\u957f\u6625\u5e02"
            }, 
            "id": 874718
        }, 
        {
            "content": {
                "city": "\u5409\u6797\u5e02"
            }, 
            "id": 874719
        }, 
        {
            "content": {
                "city": "\u56db\u5e73\u5e02"
            }, 
            "id": 874720
        }, 
        {
            "content": {
                "city": "\u8fbd\u6e90\u5e02"
            }, 
            "id": 874721
        }, 
        {
            "content": {
                "city": "\u901a\u5316\u5e02"
            }, 
            "id": 874722
        }, 
        {
            "content": {
                "city": "\u767d\u5c71\u5e02"
            }, 
            "id": 874723
        }, 
        {
            "content": {
                "city": "\u677e\u539f\u5e02"
            }, 
            "id": 874724
        }, 
        {
            "content": {
                "city": "\u767d\u57ce\u5e02"
            }, 
            "id": 874725
        }, 
        {
            "content": {
                "city": "\u5ef6\u8fb9\u671d\u9c9c\u65cf\u81ea\u6cbb\u5dde"
            }, 
            "id": 874726
        }, 
        {
            "content": {
                "city": "\u54c8\u5c14\u6ee8\u5e02"
            }, 
            "id": 874727
        }, 
        {
            "content": {
                "city": "\u9f50\u9f50\u54c8\u5c14\u5e02"
            }, 
            "id": 874728
        }, 
        {
            "content": {
                "city": "\u9e21\u897f\u5e02"
            }, 
            "id": 874729
        }, 
        {
            "content": {
                "city": "\u9e64\u5c97\u5e02"
            }, 
            "id": 874730
        }, 
        {
            "content": {
                "city": "\u53cc\u9e2d\u5c71\u5e02"
            }, 
            "id": 874731
        }, 
        {
            "content": {
                "city": "\u5927\u5e86\u5e02"
            }, 
            "id": 874732
        }, 
        {
            "content": {
                "city": "\u4f0a\u6625\u5e02"
            }, 
            "id": 874733
        }, 
        {
            "content": {
                "city": "\u4f73\u6728\u65af\u5e02"
            }, 
            "id": 874734
        }, 
        {
            "content": {
                "city": "\u4e03\u53f0\u6cb3\u5e02"
            }, 
            "id": 874735
        }, 
        {
            "content": {
                "city": "\u7261\u4e39\u6c5f\u5e02"
            }, 
            "id": 874736
        }, 
        {
            "content": {
                "city": "\u9ed1\u6cb3\u5e02"
            }, 
            "id": 874737
        }, 
        {
            "content": {
                "city": "\u7ee5\u5316\u5e02"
            }, 
            "id": 874738
        }, 
        {
            "content": {
                "city": "\u5927\u5174\u5b89\u5cad\u5730\u533a"
            }, 
            "id": 874739
        }, 
        {
            "content": {
                "city": "\u4e0a\u6d77\u5e02"
            }, 
            "id": 874740
        }, 
        {
            "content": {
                "city": "\u5357\u4eac\u5e02"
            }, 
            "id": 874741
        }, 
        {
            "content": {
                "city": "\u65e0\u9521\u5e02"
            }, 
            "id": 874742
        }, 
        {
            "content": {
                "city": "\u5f90\u5dde\u5e02"
            }, 
            "id": 874743
        }, 
        {
            "content": {
                "city": "\u5e38\u5dde\u5e02"
            }, 
            "id": 874744
        }, 
        {
            "content": {
                "city": "\u82cf\u5dde\u5e02"
            }, 
            "id": 874745
        }, 
        {
            "content": {
                "city": "\u5357\u901a\u5e02"
            }, 
            "id": 874746
        }, 
        {
            "content": {
                "city": "\u8fde\u4e91\u6e2f\u5e02"
            }, 
            "id": 874747
        }, 
        {
            "content": {
                "city": "\u6dee\u5b89\u5e02"
            }, 
            "id": 874748
        }, 
        {
            "content": {
                "city": "\u76d0\u57ce\u5e02"
            }, 
            "id": 874749
        }, 
        {
            "content": {
                "city": "\u626c\u5dde\u5e02"
            }, 
            "id": 874750
        }, 
        {
            "content": {
                "city": "\u9547\u6c5f\u5e02"
            }, 
            "id": 874751
        }, 
        {
            "content": {
                "city": "\u6cf0\u5dde\u5e02"
            }, 
            "id": 874752
        }, 
        {
            "content": {
                "city": "\u5bbf\u8fc1\u5e02"
            }, 
            "id": 874753
        }, 
        {
            "content": {
                "city": "\u676d\u5dde\u5e02"
            }, 
            "id": 874754
        }, 
        {
            "content": {
                "city": "\u5b81\u6ce2\u5e02"
            }, 
            "id": 874755
        }, 
        {
            "content": {
                "city": "\u6e29\u5dde\u5e02"
            }, 
            "id": 874756
        }, 
        {
            "content": {
                "city": "\u5609\u5174\u5e02"
            }, 
            "id": 874757
        }, 
        {
            "content": {
                "city": "\u6e56\u5dde\u5e02"
            }, 
            "id": 874758
        }, 
        {
            "content": {
                "city": "\u7ecd\u5174\u5e02"
            }, 
            "id": 874759
        }, 
        {
            "content": {
                "city": "\u91d1\u534e\u5e02"
            }, 
            "id": 874760
        }, 
        {
            "content": {
                "city": "\u8862\u5dde\u5e02"
            }, 
            "id": 874761
        }, 
        {
            "content": {
                "city": "\u821f\u5c71\u5e02"
            }, 
            "id": 874762
        }, 
        {
            "content": {
                "city": "\u53f0\u5dde\u5e02"
            }, 
            "id": 874763
        }, 
        {
            "content": {
                "city": "\u4e3d\u6c34\u5e02"
            }, 
            "id": 874764
        }, 
        {
            "content": {
                "city": "\u5408\u80a5\u5e02"
            }, 
            "id": 874765
        }, 
        {
            "content": {
                "city": "\u829c\u6e56\u5e02"
            }, 
            "id": 874766
        }, 
        {
            "content": {
                "city": "\u868c\u57e0\u5e02"
            }, 
            "id": 874767
        }, 
        {
            "content": {
                "city": "\u6dee\u5357\u5e02"
            }, 
            "id": 874768
        }, 
        {
            "content": {
                "city": "\u9a6c\u978d\u5c71\u5e02"
            }, 
            "id": 874769
        }, 
        {
            "content": {
                "city": "\u6dee\u5317\u5e02"
            }, 
            "id": 874770
        }, 
        {
            "content": {
                "city": "\u94dc\u9675\u5e02"
            }, 
            "id": 874771
        }, 
        {
            "content": {
                "city": "\u5b89\u5e86\u5e02"
            }, 
            "id": 874772
        }, 
        {
            "content": {
                "city": "\u9ec4\u5c71\u5e02"
            }, 
            "id": 874773
        }, 
        {
            "content": {
                "city": "\u6ec1\u5dde\u5e02"
            }, 
            "id": 874774
        }, 
        {
            "content": {
                "city": "\u961c\u9633\u5e02"
            }, 
            "id": 874775
        }, 
        {
            "content": {
                "city": "\u5bbf\u5dde\u5e02"
            }, 
            "id": 874776
        }, 
        {
            "content": {
                "city": "\u516d\u5b89\u5e02"
            }, 
            "id": 874777
        }, 
        {
            "content": {
                "city": "\u4eb3\u5dde\u5e02"
            }, 
            "id": 874778
        }, 
        {
            "content": {
                "city": "\u6c60\u5dde\u5e02"
            }, 
            "id": 874779
        }, 
        {
            "content": {
                "city": "\u5ba3\u57ce\u5e02"
            }, 
            "id": 874780
        }, 
        {
            "content": {
                "city": "\u798f\u5dde\u5e02"
            }, 
            "id": 874781
        }, 
        {
            "content": {
                "city": "\u53a6\u95e8\u5e02"
            }, 
            "id": 874782
        }, 
        {
            "content": {
                "city": "\u8386\u7530\u5e02"
            }, 
            "id": 874783
        }, 
        {
            "content": {
                "city": "\u4e09\u660e\u5e02"
            }, 
            "id": 874784
        }, 
        {
            "content": {
                "city": "\u6cc9\u5dde\u5e02"
            }, 
            "id": 874785
        }, 
        {
            "content": {
                "city": "\u6f33\u5dde\u5e02"
            }, 
            "id": 874786
        }, 
        {
            "content": {
                "city": "\u5357\u5e73\u5e02"
            }, 
            "id": 874787
        }, 
        {
            "content": {
                "city": "\u9f99\u5ca9\u5e02"
            }, 
            "id": 874788
        }, 
        {
            "content": {
                "city": "\u5b81\u5fb7\u5e02"
            }, 
            "id": 874789
        }, 
        {
            "content": {
                "city": "\u5357\u660c\u5e02"
            }, 
            "id": 874790
        }, 
        {
            "content": {
                "city": "\u666f\u5fb7\u9547\u5e02"
            }, 
            "id": 874791
        }, 
        {
            "content": {
                "city": "\u840d\u4e61\u5e02"
            }, 
            "id": 874792
        }, 
        {
            "content": {
                "city": "\u4e5d\u6c5f\u5e02"
            }, 
            "id": 874793
        }, 
        {
            "content": {
                "city": "\u65b0\u4f59\u5e02"
            }, 
            "id": 874794
        }, 
        {
            "content": {
                "city": "\u9e70\u6f6d\u5e02"
            }, 
            "id": 874795
        }, 
        {
            "content": {
                "city": "\u8d63\u5dde\u5e02"
            }, 
            "id": 874796
        }, 
        {
            "content": {
                "city": "\u5409\u5b89\u5e02"
            }, 
            "id": 874797
        }, 
        {
            "content": {
                "city": "\u5b9c\u6625\u5e02"
            }, 
            "id": 874798
        }, 
        {
            "content": {
                "city": "\u629a\u5dde\u5e02"
            }, 
            "id": 874799
        }, 
        {
            "content": {
                "city": "\u4e0a\u9976\u5e02"
            }, 
            "id": 874800
        }, 
        {
            "content": {
                "city": "\u6d4e\u5357\u5e02"
            }, 
            "id": 874801
        }, 
        {
            "content": {
                "city": "\u9752\u5c9b\u5e02"
            }, 
            "id": 874802
        }, 
        {
            "content": {
                "city": "\u6dc4\u535a\u5e02"
            }, 
            "id": 874803
        }, 
        {
            "content": {
                "city": "\u67a3\u5e84\u5e02"
            }, 
            "id": 874804
        }, 
        {
            "content": {
                "city": "\u4e1c\u8425\u5e02"
            }, 
            "id": 874805
        }, 
        {
            "content": {
                "city": "\u70df\u53f0\u5e02"
            }, 
            "id": 874806
        }, 
        {
            "content": {
                "city": "\u6f4d\u574a\u5e02"
            }, 
            "id": 874807
        }, 
        {
            "content": {
                "city": "\u6d4e\u5b81\u5e02"
            }, 
            "id": 874808
        }, 
        {
            "content": {
                "city": "\u6cf0\u5b89\u5e02"
            }, 
            "id": 874809
        }, 
        {
            "content": {
                "city": "\u5a01\u6d77\u5e02"
            }, 
            "id": 874810
        }, 
        {
            "content": {
                "city": "\u65e5\u7167\u5e02"
            }, 
            "id": 874811
        }, 
        {
            "content": {
                "city": "\u83b1\u829c\u5e02"
            }, 
            "id": 874812
        }, 
        {
            "content": {
                "city": "\u4e34\u6c82\u5e02"
            }, 
            "id": 874813
        }, 
        {
            "content": {
                "city": "\u5fb7\u5dde\u5e02"
            }, 
            "id": 874814
        }, 
        {
            "content": {
                "city": "\u804a\u57ce\u5e02"
            }, 
            "id": 874815
        }, 
        {
            "content": {
                "city": "\u6ee8\u5dde\u5e02"
            }, 
            "id": 874816
        }, 
        {
            "content": {
                "city": "\u83cf\u6cfd\u5e02"
            }, 
            "id": 874817
        }, 
        {
            "content": {
                "city": "\u90d1\u5dde\u5e02"
            }, 
            "id": 874818
        }, 
        {
            "content": {
                "city": "\u5f00\u5c01\u5e02"
            }, 
            "id": 874819
        }, 
        {
            "content": {
                "city": "\u6d1b\u9633\u5e02"
            }, 
            "id": 874820
        }, 
        {
            "content": {
                "city": "\u5e73\u9876\u5c71\u5e02"
            }, 
            "id": 874821
        }, 
        {
            "content": {
                "city": "\u5b89\u9633\u5e02"
            }, 
            "id": 874822
        }, 
        {
            "content": {
                "city": "\u9e64\u58c1\u5e02"
            }, 
            "id": 874823
        }, 
        {
            "content": {
                "city": "\u65b0\u4e61\u5e02"
            }, 
            "id": 874824
        }, 
        {
            "content": {
                "city": "\u7126\u4f5c\u5e02"
            }, 
            "id": 874825
        }, 
        {
            "content": {
                "city": "\u6fee\u9633\u5e02"
            }, 
            "id": 874826
        }, 
        {
            "content": {
                "city": "\u8bb8\u660c\u5e02"
            }, 
            "id": 874827
        }, 
        {
            "content": {
                "city": "\u6f2f\u6cb3\u5e02"
            }, 
            "id": 874828
        }, 
        {
            "content": {
                "city": "\u4e09\u95e8\u5ce1\u5e02"
            }, 
            "id": 874829
        }, 
        {
            "content": {
                "city": "\u5357\u9633\u5e02"
            }, 
            "id": 874830
        }, 
        {
            "content": {
                "city": "\u5546\u4e18\u5e02"
            }, 
            "id": 874831
        }, 
        {
            "content": {
                "city": "\u4fe1\u9633\u5e02"
            }, 
            "id": 874832
        }, 
        {
            "content": {
                "city": "\u5468\u53e3\u5e02"
            }, 
            "id": 874833
        }, 
        {
            "content": {
                "city": "\u9a7b\u9a6c\u5e97\u5e02"
            }, 
            "id": 874834
        }, 
        {
            "content": {
                "city": "\u7701\u76f4\u8f96"
            }, 
            "id": 874835
        }, 
        {
            "content": {
                "city": "\u6b66\u6c49\u5e02"
            }, 
            "id": 874836
        }, 
        {
            "content": {
                "city": "\u9ec4\u77f3\u5e02"
            }, 
            "id": 874837
        }, 
        {
            "content": {
                "city": "\u5341\u5830\u5e02"
            }, 
            "id": 874838
        }, 
        {
            "content": {
                "city": "\u5b9c\u660c\u5e02"
            }, 
            "id": 874839
        }, 
        {
            "content": {
                "city": "\u8944\u9633\u5e02"
            }, 
            "id": 874840
        }, 
        {
            "content": {
                "city": "\u9102\u5dde\u5e02"
            }, 
            "id": 874841
        }, 
        {
            "content": {
                "city": "\u8346\u95e8\u5e02"
            }, 
            "id": 874842
        }, 
        {
            "content": {
                "city": "\u5b5d\u611f\u5e02"
            }, 
            "id": 874843
        }, 
        {
            "content": {
                "city": "\u8346\u5dde\u5e02"
            }, 
            "id": 874844
        }, 
        {
            "content": {
                "city": "\u9ec4\u5188\u5e02"
            }, 
            "id": 874845
        }, 
        {
            "content": {
                "city": "\u54b8\u5b81\u5e02"
            }, 
            "id": 874846
        }, 
        {
            "content": {
                "city": "\u968f\u5dde\u5e02"
            }, 
            "id": 874847
        }, 
        {
            "content": {
                "city": "\u6069\u65bd\u571f\u5bb6\u65cf\u82d7\u65cf\u81ea\u6cbb\u5dde"
            }, 
            "id": 874848
        }, 
        {
            "content": {
                "city": "\u7701\u76f4\u8f96"
            }, 
            "id": 874849
        }, 
        {
            "content": {
                "city": "\u957f\u6c99\u5e02"
            }, 
            "id": 874850
        }, 
        {
            "content": {
                "city": "\u682a\u6d32\u5e02"
            }, 
            "id": 874851
        }, 
        {
            "content": {
                "city": "\u6e58\u6f6d\u5e02"
            }, 
            "id": 874852
        }, 
        {
            "content": {
                "city": "\u8861\u9633\u5e02"
            }, 
            "id": 874853
        }, 
        {
            "content": {
                "city": "\u90b5\u9633\u5e02"
            }, 
            "id": 874854
        }, 
        {
            "content": {
                "city": "\u5cb3\u9633\u5e02"
            }, 
            "id": 874855
        }, 
        {
            "content": {
                "city": "\u5e38\u5fb7\u5e02"
            }, 
            "id": 874856
        }, 
        {
            "content": {
                "city": "\u5f20\u5bb6\u754c\u5e02"
            }, 
            "id": 874857
        }, 
        {
            "content": {
                "city": "\u76ca\u9633\u5e02"
            }, 
            "id": 874858
        }, 
        {
            "content": {
                "city": "\u90f4\u5dde\u5e02"
            }, 
            "id": 874859
        }, 
        {
            "content": {
                "city": "\u6c38\u5dde\u5e02"
            }, 
            "id": 874860
        }, 
        {
            "content": {
                "city": "\u6000\u5316\u5e02"
            }, 
            "id": 874861
        }, 
        {
            "content": {
                "city": "\u5a04\u5e95\u5e02"
            }, 
            "id": 874862
        }, 
        {
            "content": {
                "city": "\u6e58\u897f\u571f\u5bb6\u65cf\u82d7\u65cf\u81ea\u6cbb\u5dde"
            }, 
            "id": 874863
        }, 
        {
            "content": {
                "city": "\u5e7f\u5dde\u5e02"
            }, 
            "id": 874864
        }, 
        {
            "content": {
                "city": "\u97f6\u5173\u5e02"
            }, 
            "id": 874865
        }, 
        {
            "content": {
                "city": "\u6df1\u5733\u5e02"
            }, 
            "id": 874866
        }, 
        {
            "content": {
                "city": "\u73e0\u6d77\u5e02"
            }, 
            "id": 874867
        }, 
        {
            "content": {
                "city": "\u6c55\u5934\u5e02"
            }, 
            "id": 874868
        }, 
        {
            "content": {
                "city": "\u4f5b\u5c71\u5e02"
            }, 
            "id": 874869
        }, 
        {
            "content": {
                "city": "\u6c5f\u95e8\u5e02"
            }, 
            "id": 874870
        }, 
        {
            "content": {
                "city": "\u6e5b\u6c5f\u5e02"
            }, 
            "id": 874871
        }, 
        {
            "content": {
                "city": "\u8302\u540d\u5e02"
            }, 
            "id": 874872
        }, 
        {
            "content": {
                "city": "\u8087\u5e86\u5e02"
            }, 
            "id": 874873
        }, 
        {
            "content": {
                "city": "\u60e0\u5dde\u5e02"
            }, 
            "id": 874874
        }, 
        {
            "content": {
                "city": "\u6885\u5dde\u5e02"
            }, 
            "id": 874875
        }, 
        {
            "content": {
                "city": "\u6c55\u5c3e\u5e02"
            }, 
            "id": 874876
        }, 
        {
            "content": {
                "city": "\u6cb3\u6e90\u5e02"
            }, 
            "id": 874877
        }, 
        {
            "content": {
                "city": "\u9633\u6c5f\u5e02"
            }, 
            "id": 874878
        }, 
        {
            "content": {
                "city": "\u6e05\u8fdc\u5e02"
            }, 
            "id": 874879
        }, 
        {
            "content": {
                "city": "\u4e1c\u839e\u5e02"
            }, 
            "id": 874880
        }, 
        {
            "content": {
                "city": "\u4e2d\u5c71\u5e02"
            }, 
            "id": 874881
        }, 
        {
            "content": {
                "city": "\u6f6e\u5dde\u5e02"
            }, 
            "id": 874882
        }, 
        {
            "content": {
                "city": "\u63ed\u9633\u5e02"
            }, 
            "id": 874883
        }, 
        {
            "content": {
                "city": "\u4e91\u6d6e\u5e02"
            }, 
            "id": 874884
        }, 
        {
            "content": {
                "city": "\u5357\u5b81\u5e02"
            }, 
            "id": 874885
        }, 
        {
            "content": {
                "city": "\u67f3\u5dde\u5e02"
            }, 
            "id": 874886
        }, 
        {
            "content": {
                "city": "\u6842\u6797\u5e02"
            }, 
            "id": 874887
        }, 
        {
            "content": {
                "city": "\u68a7\u5dde\u5e02"
            }, 
            "id": 874888
        }, 
        {
            "content": {
                "city": "\u5317\u6d77\u5e02"
            }, 
            "id": 874889
        }, 
        {
            "content": {
                "city": "\u9632\u57ce\u6e2f\u5e02"
            }, 
            "id": 874890
        }, 
        {
            "content": {
                "city": "\u94a6\u5dde\u5e02"
            }, 
            "id": 874891
        }, 
        {
            "content": {
                "city": "\u8d35\u6e2f\u5e02"
            }, 
            "id": 874892
        }, 
        {
            "content": {
                "city": "\u7389\u6797\u5e02"
            }, 
            "id": 874893
        }, 
        {
            "content": {
                "city": "\u767e\u8272\u5e02"
            }, 
            "id": 874894
        }, 
        {
            "content": {
                "city": "\u8d3a\u5dde\u5e02"
            }, 
            "id": 874895
        }, 
        {
            "content": {
                "city": "\u6cb3\u6c60\u5e02"
            }, 
            "id": 874896
        }, 
        {
            "content": {
                "city": "\u6765\u5bbe\u5e02"
            }, 
            "id": 874897
        }, 
        {
            "content": {
                "city": "\u5d07\u5de6\u5e02"
            }, 
            "id": 874898
        }, 
        {
            "content": {
                "city": "\u6d77\u53e3\u5e02"
            }, 
            "id": 874899
        }, 
        {
            "content": {
                "city": "\u4e09\u4e9a\u5e02"
            }, 
            "id": 874900
        }, 
        {
            "content": {
                "city": "\u4e09\u6c99\u5e02"
            }, 
            "id": 874901
        }, 
        {
            "content": {
                "city": "\u7701\u76f4\u8f96"
            }, 
            "id": 874902
        }, 
        {
            "content": {
                "city": "\u91cd\u5e86\u5e02"
            }, 
            "id": 874903
        }, 
        {
            "content": {
                "city": "\u6210\u90fd\u5e02"
            }, 
            "id": 874904
        }, 
        {
            "content": {
                "city": "\u81ea\u8d21\u5e02"
            }, 
            "id": 874905
        }, 
        {
            "content": {
                "city": "\u6500\u679d\u82b1\u5e02"
            }, 
            "id": 874906
        }, 
        {
            "content": {
                "city": "\u6cf8\u5dde\u5e02"
            }, 
            "id": 874907
        }, 
        {
            "content": {
                "city": "\u5fb7\u9633\u5e02"
            }, 
            "id": 874908
        }, 
        {
            "content": {
                "city": "\u7ef5\u9633\u5e02"
            }, 
            "id": 874909
        }, 
        {
            "content": {
                "city": "\u5e7f\u5143\u5e02"
            }, 
            "id": 874910
        }, 
        {
            "content": {
                "city": "\u9042\u5b81\u5e02"
            }, 
            "id": 874911
        }, 
        {
            "content": {
                "city": "\u5185\u6c5f\u5e02"
            }, 
            "id": 874912
        }, 
        {
            "content": {
                "city": "\u4e50\u5c71\u5e02"
            }, 
            "id": 874913
        }, 
        {
            "content": {
                "city": "\u5357\u5145\u5e02"
            }, 
            "id": 874914
        }, 
        {
            "content": {
                "city": "\u7709\u5c71\u5e02"
            }, 
            "id": 874915
        }, 
        {
            "content": {
                "city": "\u5b9c\u5bbe\u5e02"
            }, 
            "id": 874916
        }, 
        {
            "content": {
                "city": "\u5e7f\u5b89\u5e02"
            }, 
            "id": 874917
        }, 
        {
            "content": {
                "city": "\u8fbe\u5dde\u5e02"
            }, 
            "id": 874918
        }, 
        {
            "content": {
                "city": "\u96c5\u5b89\u5e02"
            }, 
            "id": 874919
        }, 
        {
            "content": {
                "city": "\u5df4\u4e2d\u5e02"
            }, 
            "id": 874920
        }, 
        {
            "content": {
                "city": "\u8d44\u9633\u5e02"
            }, 
            "id": 874921
        }, 
        {
            "content": {
                "city": "\u963f\u575d\u85cf\u65cf\u7f8c\u65cf\u81ea\u6cbb\u5dde"
            }, 
            "id": 874922
        }, 
        {
            "content": {
                "city": "\u7518\u5b5c\u85cf\u65cf\u81ea\u6cbb\u5dde"
            }, 
            "id": 874923
        }, 
        {
            "content": {
                "city": "\u51c9\u5c71\u5f5d\u65cf\u81ea\u6cbb\u5dde"
            }, 
            "id": 874924
        }, 
        {
            "content": {
                "city": "\u8d35\u9633\u5e02"
            }, 
            "id": 874925
        }, 
        {
            "content": {
                "city": "\u516d\u76d8\u6c34\u5e02"
            }, 
            "id": 874926
        }, 
        {
            "content": {
                "city": "\u9075\u4e49\u5e02"
            }, 
            "id": 874927
        }, 
        {
            "content": {
                "city": "\u5b89\u987a\u5e02"
            }, 
            "id": 874928
        }, 
        {
            "content": {
                "city": "\u6bd5\u8282\u5e02"
            }, 
            "id": 874929
        }, 
        {
            "content": {
                "city": "\u94dc\u4ec1\u5e02"
            }, 
            "id": 874930
        }, 
        {
            "content": {
                "city": "\u9ed4\u897f\u5357\u5e03\u4f9d\u65cf\u82d7\u65cf\u81ea\u6cbb\u5dde"
            }, 
            "id": 874931
        }, 
        {
            "content": {
                "city": "\u9ed4\u4e1c\u5357\u82d7\u65cf\u4f97\u65cf\u81ea\u6cbb\u5dde"
            }, 
            "id": 874932
        }, 
        {
            "content": {
                "city": "\u9ed4\u5357\u5e03\u4f9d\u65cf\u82d7\u65cf\u81ea\u6cbb\u5dde"
            }, 
            "id": 874933
        }, 
        {
            "content": {
                "city": "\u6606\u660e\u5e02"
            }, 
            "id": 874934
        }, 
        {
            "content": {
                "city": "\u66f2\u9756\u5e02"
            }, 
            "id": 874935
        }, 
        {
            "content": {
                "city": "\u7389\u6eaa\u5e02"
            }, 
            "id": 874936
        }, 
        {
            "content": {
                "city": "\u4fdd\u5c71\u5e02"
            }, 
            "id": 874937
        }, 
        {
            "content": {
                "city": "\u662d\u901a\u5e02"
            }, 
            "id": 874938
        }, 
        {
            "content": {
                "city": "\u4e3d\u6c5f\u5e02"
            }, 
            "id": 874939
        }, 
        {
            "content": {
                "city": "\u666e\u6d31\u5e02"
            }, 
            "id": 874940
        }, 
        {
            "content": {
                "city": "\u4e34\u6ca7\u5e02"
            }, 
            "id": 874941
        }, 
        {
            "content": {
                "city": "\u695a\u96c4\u5f5d\u65cf\u81ea\u6cbb\u5dde"
            }, 
            "id": 874942
        }, 
        {
            "content": {
                "city": "\u7ea2\u6cb3\u54c8\u5c3c\u65cf\u5f5d\u65cf\u81ea\u6cbb\u5dde"
            }, 
            "id": 874943
        }, 
        {
            "content": {
                "city": "\u6587\u5c71\u58ee\u65cf\u82d7\u65cf\u81ea\u6cbb\u5dde"
            }, 
            "id": 874944
        }, 
        {
            "content": {
                "city": "\u897f\u53cc\u7248\u7eb3\u50a3\u65cf\u81ea\u6cbb\u5dde"
            }, 
            "id": 874945
        }, 
        {
            "content": {
                "city": "\u5927\u7406\u767d\u65cf\u81ea\u6cbb\u5dde"
            }, 
            "id": 874946
        }, 
        {
            "content": {
                "city": "\u5fb7\u5b8f\u50a3\u65cf\u666f\u9887\u65cf\u81ea\u6cbb\u5dde"
            }, 
            "id": 874947
        }, 
        {
            "content": {
                "city": "\u6012\u6c5f\u5088\u50f3\u65cf\u81ea\u6cbb\u5dde"
            }, 
            "id": 874948
        }, 
        {
            "content": {
                "city": "\u8fea\u5e86\u85cf\u65cf\u81ea\u6cbb\u5dde"
            }, 
            "id": 874949
        }, 
        {
            "content": {
                "city": "\u62c9\u8428\u5e02"
            }, 
            "id": 874950
        }, 
        {
            "content": {
                "city": "\u660c\u90fd\u5730\u533a"
            }, 
            "id": 874951
        }, 
        {
            "content": {
                "city": "\u5c71\u5357\u5730\u533a"
            }, 
            "id": 874952
        }, 
        {
            "content": {
                "city": "\u65e5\u5580\u5219\u5730\u533a"
            }, 
            "id": 874953
        }, 
        {
            "content": {
                "city": "\u90a3\u66f2\u5730\u533a"
            }, 
            "id": 874954
        }, 
        {
            "content": {
                "city": "\u963f\u91cc\u5730\u533a"
            }, 
            "id": 874955
        }, 
        {
            "content": {
                "city": "\u6797\u829d\u5730\u533a"
            }, 
            "id": 874956
        }, 
        {
            "content": {
                "city": "\u897f\u5b89\u5e02"
            }, 
            "id": 874957
        }, 
        {
            "content": {
                "city": "\u94dc\u5ddd\u5e02"
            }, 
            "id": 874958
        }, 
        {
            "content": {
                "city": "\u5b9d\u9e21\u5e02"
            }, 
            "id": 874959
        }, 
        {
            "content": {
                "city": "\u54b8\u9633\u5e02"
            }, 
            "id": 874960
        }, 
        {
            "content": {
                "city": "\u6e2d\u5357\u5e02"
            }, 
            "id": 874961
        }, 
        {
            "content": {
                "city": "\u5ef6\u5b89\u5e02"
            }, 
            "id": 874962
        }, 
        {
            "content": {
                "city": "\u6c49\u4e2d\u5e02"
            }, 
            "id": 874963
        }, 
        {
            "content": {
                "city": "\u6986\u6797\u5e02"
            }, 
            "id": 874964
        }, 
        {
            "content": {
                "city": "\u5b89\u5eb7\u5e02"
            }, 
            "id": 874965
        }, 
        {
            "content": {
                "city": "\u5546\u6d1b\u5e02"
            }, 
            "id": 874966
        }, 
        {
            "content": {
                "city": "\u5170\u5dde\u5e02"
            }, 
            "id": 874967
        }, 
        {
            "content": {
                "city": "\u5609\u5cea\u5173\u5e02"
            }, 
            "id": 874968
        }, 
        {
            "content": {
                "city": "\u91d1\u660c\u5e02"
            }, 
            "id": 874969
        }, 
        {
            "content": {
                "city": "\u767d\u94f6\u5e02"
            }, 
            "id": 874970
        }, 
        {
            "content": {
                "city": "\u5929\u6c34\u5e02"
            }, 
            "id": 874971
        }, 
        {
            "content": {
                "city": "\u6b66\u5a01\u5e02"
            }, 
            "id": 874972
        }, 
        {
            "content": {
                "city": "\u5f20\u6396\u5e02"
            }, 
            "id": 874973
        }, 
        {
            "content": {
                "city": "\u5e73\u51c9\u5e02"
            }, 
            "id": 874974
        }, 
        {
            "content": {
                "city": "\u9152\u6cc9\u5e02"
            }, 
            "id": 874975
        }, 
        {
            "content": {
                "city": "\u5e86\u9633\u5e02"
            }, 
            "id": 874976
        }, 
        {
            "content": {
                "city": "\u5b9a\u897f\u5e02"
            }, 
            "id": 874977
        }, 
        {
            "content": {
                "city": "\u9647\u5357\u5e02"
            }, 
            "id": 874978
        }, 
        {
            "content": {
                "city": "\u4e34\u590f\u56de\u65cf\u81ea\u6cbb\u5dde"
            }, 
            "id": 874979
        }, 
        {
            "content": {
                "city": "\u7518\u5357\u85cf\u65cf\u81ea\u6cbb\u5dde"
            }, 
            "id": 874980
        }, 
        {
            "content": {
                "city": "\u897f\u5b81\u5e02"
            }, 
            "id": 874981
        }, 
        {
            "content": {
                "city": "\u6d77\u4e1c\u5730\u533a"
            }, 
            "id": 874982
        }, 
        {
            "content": {
                "city": "\u6d77\u5317\u85cf\u65cf\u81ea\u6cbb\u5dde"
            }, 
            "id": 874983
        }, 
        {
            "content": {
                "city": "\u9ec4\u5357\u85cf\u65cf\u81ea\u6cbb\u5dde"
            }, 
            "id": 874984
        }, 
        {
            "content": {
                "city": "\u6d77\u5357\u85cf\u65cf\u81ea\u6cbb\u5dde"
            }, 
            "id": 874985
        }, 
        {
            "content": {
                "city": "\u679c\u6d1b\u85cf\u65cf\u81ea\u6cbb\u5dde"
            }, 
            "id": 874986
        }, 
        {
            "content": {
                "city": "\u7389\u6811\u85cf\u65cf\u81ea\u6cbb\u5dde"
            }, 
            "id": 874987
        }, 
        {
            "content": {
                "city": "\u6d77\u897f\u8499\u53e4\u65cf\u85cf\u65cf\u81ea\u6cbb\u5dde"
            }, 
            "id": 874988
        }, 
        {
            "content": {
                "city": "\u94f6\u5ddd\u5e02"
            }, 
            "id": 874989
        }, 
        {
            "content": {
                "city": "\u77f3\u5634\u5c71\u5e02"
            }, 
            "id": 874990
        }, 
        {
            "content": {
                "city": "\u5434\u5fe0\u5e02"
            }, 
            "id": 874991
        }, 
        {
            "content": {
                "city": "\u56fa\u539f\u5e02"
            }, 
            "id": 874992
        }, 
        {
            "content": {
                "city": "\u4e2d\u536b\u5e02"
            }, 
            "id": 874993
        }, 
        {
            "content": {
                "city": "\u4e4c\u9c81\u6728\u9f50\u5e02"
            }, 
            "id": 874994
        }, 
        {
            "content": {
                "city": "\u514b\u62c9\u739b\u4f9d\u5e02"
            }, 
            "id": 874995
        }, 
        {
            "content": {
                "city": "\u5410\u9c81\u756a\u5730\u533a"
            }, 
            "id": 874996
        }, 
        {
            "content": {
                "city": "\u54c8\u5bc6\u5730\u533a"
            }, 
            "id": 874997
        }, 
        {
            "content": {
                "city": "\u660c\u5409\u56de\u65cf\u81ea\u6cbb\u5dde"
            }, 
            "id": 874998
        }, 
        {
            "content": {
                "city": "\u535a\u5c14\u5854\u62c9\u8499\u53e4\u81ea\u6cbb\u5dde"
            }, 
            "id": 874999
        }, 
        {
            "content": {
                "city": "\u5df4\u97f3\u90ed\u695e\u8499\u53e4\u81ea\u6cbb\u5dde"
            }, 
            "id": 875000
        }, 
        {
            "content": {
                "city": "\u963f\u514b\u82cf\u5730\u533a"
            }, 
            "id": 875001
        }, 
        {
            "content": {
                "city": "\u514b\u5b5c\u52d2\u82cf\u67ef\u5c14\u514b\u5b5c\u81ea\u6cbb\u5dde"
            }, 
            "id": 875002
        }, 
        {
            "content": {
                "city": "\u5580\u4ec0\u5730\u533a"
            }, 
            "id": 875003
        }, 
        {
            "content": {
                "city": "\u548c\u7530\u5730\u533a"
            }, 
            "id": 875004
        }, 
        {
            "content": {
                "city": "\u4f0a\u7281\u54c8\u8428\u514b\u81ea\u6cbb\u5dde"
            }, 
            "id": 875005
        }, 
        {
            "content": {
                "city": "\u5854\u57ce\u5730\u533a"
            }, 
            "id": 875006
        }, 
        {
            "content": {
                "city": "\u963f\u52d2\u6cf0\u5730\u533a"
            }, 
            "id": 875007
        }, 
        {
            "content": {
                "city": "\u81ea\u6cbb\u533a\u76f4\u8f96"
            }, 
            "id": 875008
        }, 
        {
            "content": {
                "city": "\u53f0\u5317\u5e02"
            }, 
            "id": 875009
        }, 
        {
            "content": {
                "city": "\u9ad8\u96c4\u5e02"
            }, 
            "id": 875010
        }, 
        {
            "content": {
                "city": "\u57fa\u9686\u5e02"
            }, 
            "id": 875011
        }, 
        {
            "content": {
                "city": "\u53f0\u4e2d\u5e02"
            }, 
            "id": 875012
        }, 
        {
            "content": {
                "city": "\u53f0\u5357\u5e02"
            }, 
            "id": 875013
        }, 
        {
            "content": {
                "city": "\u65b0\u7af9\u5e02"
            }, 
            "id": 875014
        }, 
        {
            "content": {
                "city": "\u5609\u4e49\u5e02"
            }, 
            "id": 875015
        }, 
        {
            "content": {
                "city": "\u7701\u76f4\u8f96"
            }, 
            "id": 875016
        }, 
        {
            "content": {
                "city": "\u9999\u6e2f\u5c9b"
            }, 
            "id": 875017
        }, 
        {
            "content": {
                "city": "\u4e5d\u9f99"
            }, 
            "id": 875018
        }, 
        {
            "content": {
                "city": "\u65b0\u754c"
            }, 
            "id": 875019
        }, 
        {
            "content": {
                "city": "\u6fb3\u95e8\u534a\u5c9b"
            }, 
            "id": 875020
        }, 
        {
            "content": {
                "city": "\u6fb3\u95e8\u79bb\u5c9b"
            }, 
            "id": 875021
        }, 
        {
            "content": {
                "city": "\u65e0\u5802\u533a\u5212\u5206\u533a\u57df"
            }, 
            "id": 875022
        }
    ]
}