{
    "json": false, 
    "version": 0, 
    "name": "mytmall_switch", 
    "catalogList": [
        {
            "content": {
                "countdownSwitchTime": [
                    "2015-11-01 00:00:00", 
                    "2015-11-02 00:00:00", 
                    "2015-11-03 00:00:00", 
                    "2015-11-04 00:00:00", 
                    "2015-11-05 00:00:00", 
                    "2015-11-06 00:00:00", 
                    "2015-11-07 00:00:00", 
                    "2015-11-08 00:00:00", 
                    "2015-11-09 00:00:00", 
                    "2015-11-10 00:00:00", 
                    "2015-11-11 00:00:00", 
                    "2015-11-12 00:00:00"
                ], 
                "startTime": "1446307200000", 
                "name": "mytmall_1111_switch"
            }, 
            "id": 874475
        }
    ]
}