{
    "json": false, 
    "version": 0, 
    "name": "mytmall_attentions", 
    "catalogList": [
        {
            "content": {
                "actionURL": "internal:url=tmall://mobile.tmall.com/page/collectItem#needLogin", 
                "code": "favItem", 
                "order": 1, 
                "name": "\u5546\u54c1\u6536\u85cf", 
                "icon": "https://gw.alicdn.com/tps/TB1CfViNXXXXXbCXFXXXXXXXXXX-60-60.png"
            }, 
            "id": 875241
        }, 
        {
            "content": {
                "actionURL": "internal:url=tmall://mobile.tmall.com/page/collectShop#needLogin", 
                "code": "favShop", 
                "name": "\u5e97\u94fa\u6536\u85cf", 
                "icon": "https://gw.alicdn.com/tps/TB1.f.2MVXXXXbLaXXXXXXXXXXX-60-60.png"
            }, 
            "id": 875242
        }, 
        {
            "content": {
                "actionURL": "tmall://page.tm/collectContent#needLogin", 
                "code": "favFeed", 
                "name": "\u5185\u5bb9\u6536\u85cf", 
                "icon": "https://gw.alicdn.com/tps/TB1H6xlNXXXXXaHXFXXXXXXXXXX-60-60.png"
            }, 
            "id": 875243
        }, 
        {
            "content": {
                "actionURL": "https://pages.tmall.com/wow/fsp/act/myfeed#needLogin", 
                "code": "pinBrand", 
                "name": "\u6211\u7684\u5173\u6ce8", 
                "icon": "https://gw.alicdn.com/tps/TB1WK4pNXXXXXXEXFXXXXXXXXXX-60-60.png"
            }, 
            "id": 875244
        }
    ]
}