{
    "json": false, 
    "version": 0, 
    "name": "rewrite", 
    "catalogList": [
        {
            "content": {
                "origin": "^tmall://tmallclient/\\?(.*)", 
                "new": "$#1", 
                "flag": "", 
                "update": false, 
                "comment": "\u524d4\u884c\u987a\u5e8f\u56fa\u5b9a1"
            }, 
            "id": 874199
        }, 
        {
            "content": {
                "origin": "\\\"action\\\"\\s*:\\s*\\\"(.*)\\\"", 
                "new": "$1", 
                "flag": "", 
                "comment": "\u524d4\u884c\u987a\u5e8f\u56fa\u5b9a"
            }, 
            "id": 874200
        }, 
        {
            "content": {
                "origin": "(internal:url|iu)=(.*)", 
                "new": "$2", 
                "flag": "", 
                "comment": "\u524d4\u884c\u987a\u5e8f\u56fa\u5b9a"
            }, 
            "id": 874201
        }, 
        {
            "content": {
                "origin": "(link|jump|banner):url=(.*)", 
                "new": "$2", 
                "flag": "", 
                "comment": "\u524d4\u884c\u987a\u5e8f\u56fa\u5b9a"
            }, 
            "id": 874202
        }, 
        {
            "content": {
                "origin": "^xx(?:https?:)?//chaoshi\\.m\\.tmall\\.com/?(\\?.*)?$", 
                "new": "tmall://page.tm/market.main?__tab__=0&url=$$0", 
                "flag": "l", 
                "comment": "\u5929\u732b\u8d85\u5e02_\u9996\u9875"
            }, 
            "id": 874203
        }, 
        {
            "content": {
                "origin": "^xx(?:https?:)?//chaoshi\\.m\\.tmall\\.com/welfare\\.htm(\\?.*)?$", 
                "new": "tmall://page.tm/market.main?__tab__=1&url=$$0", 
                "flag": "l", 
                "comment": "\u5929\u732b\u8d85\u5e02_\u7ffb\u724c"
            }, 
            "id": 874204
        }, 
        {
            "content": {
                "origin": "^xx(?:https?:)?//chaoshi.m.tmall.com/activity.htm(\\?.*)?$", 
                "new": "tmall://page.tm/market.main?__tab__=3&url=$$0", 
                "flag": "l", 
                "comment": "\u5929\u732b\u8d85\u5e02_\u54c1\u724c\u7279\u60e0"
            }, 
            "id": 874205
        }, 
        {
            "content": {
                "origin": "^xx(?:https?:)?//pages\\.tmall\\.com/wow/chaoshi/act/cityselect/?(\\?.*)?$", 
                "new": "tmall://page.tm/market.citySelector$1", 
                "flag": "l", 
                "comment": "\u5929\u732b\u8d85\u5e02_\u5730\u5740\u9009\u62e9"
            }, 
            "id": 874206
        }, 
        {
            "content": {
                "origin": "^xx(?:https?:)?//chaoshi.m.tmall.com/i.htm(\\?.*)?$", 
                "new": "tmall://page.tm/market.main?__tab__=4&url=$$0", 
                "flag": "l", 
                "comment": "\u5929\u732b\u8d85\u5e02_\u6211\u7684"
            }, 
            "id": 874207
        }, 
        {
            "content": {
                "origin": "^(?:https?:)?//shop(67597230|101975462|108330122|107693821)(\\.m)?\\.(taobao|tmall)\\.com", 
                "new": "tmall://page.tm/webview?url=$$0", 
                "flag": "l", 
                "comment": "\u5929\u732b\u8d85\u5e02"
            }, 
            "id": 874208
        }, 
        {
            "content": {
                "origin": "^(?:https?:)?//(chaoshihn|chaoshihb|xian)(\\.m)?\\.tmall\\.com", 
                "new": "tmall://page.tm/webview?url=$$0", 
                "flag": "l", 
                "comment": "\u5929\u732b\u8d85\u5e02"
            }, 
            "id": 874209
        }, 
        {
            "content": {
                "origin": "^(?:https?:)?\\/\\/(?:s\\.m|list)\\.tmall\\.com\\/chaoshi(?:Wap)?\\.htm(.*)", 
                "new": "tmall://page.tm/superMarket$1", 
                "flag": "l", 
                "comment": ""
            }, 
            "id": 874210
        }, 
        {
            "content": {
                "origin": "^(?:https?:)?\\/\\/h5\\.(wapa|waptest|m)\\.taobao\\.com\\/cart\\/gather\\.html\\/?\\?(.*)", 
                "new": "tmall://page.tm/coudan?$2#needLogin", 
                "flag": "l", 
                "comment": ""
            }, 
            "id": 874211
        }, 
        {
            "content": {
                "origin": "^(?:https?:)?//shop130766898(\\.m)*(\\.wapa)*\\.taobao\\.com(.*)", 
                "new": "//miao.m.tmall.com$3", 
                "flag": "l", 
                "comment": ""
            }, 
            "id": 874212
        }, 
        {
            "content": {
                "origin": "^(?:https?:)?\\/\\/mxs(\\.m)?\\.tmall\\.com(.*)", 
                "new": "//miao.m.tmall.com$2", 
                "flag": "l", 
                "comment": ""
            }, 
            "id": 874213
        }, 
        {
            "content": {
                "origin": "^tmall:\\/\\/page\\.tm/shop\\/?\\?(.*(shopId=130766898|user_id=2653351646|sellerId=2653351646).*)", 
                "new": "//miao.m.tmall.com?$1", 
                "flag": "l", 
                "comment": ""
            }, 
            "id": 874214
        }, 
        {
            "content": {
                "origin": "tmall://page\\.tm/shop\\?(.*(shopId=148445855|sellerId=2807304908).*)", 
                "new": "http://www.tmall.com/wow/jinkou/act/index?$1", 
                "flag": "l", 
                "comment": ""
            }, 
            "id": 874215
        }, 
        {
            "content": {
                "origin": "tmall://page\\.tm/shop\\?(.*(shopId=123971619|sellerId=2549841410).*)", 
                "new": "http://www.tmall.com/wow/jinkou/act/index?$1", 
                "flag": "l", 
                "comment": ""
            }, 
            "id": 874216
        }, 
        {
            "content": {
                "origin": "^(?:https?:)?//jinkou\\.(?:m\\.)?tmall\\.com\\/?(.*)", 
                "new": "http://www.tmall.com/wow/jinkou/act/index?$1", 
                "flag": "l", 
                "comment": ""
            }, 
            "id": 874217
        }, 
        {
            "content": {
                "origin": "^(?:https?:)?\\/\\/store\\.taobao\\.com\\/shop\\/view_shop\\.htm\\?(.*(user_number_id=2549841410|user_number_id=2807304908).*)", 
                "new": "http://www.tmall.com/wow/jinkou/act/index?$1", 
                "flag": "l", 
                "comment": ""
            }, 
            "id": 874218
        }, 
        {
            "content": {
                "origin": "^(?:https?:)?\\/\\/shop\\.m\\.taobao\\.com\\/shop\\/shop_index\\.htm\\?(.*(user_id=2549841410|user_id=2807304908|shop_id=148445855).*)", 
                "new": "http://www.tmall.com/wow/jinkou/act/index?$1", 
                "flag": "l", 
                "comment": ""
            }, 
            "id": 874219
        }, 
        {
            "content": {
                "origin": "^(?:https?:)?//meilihui(\\.m)?\\.tmall\\.com\\/?(.*)", 
                "new": "https://mlh.m.tmall.com/m/mei/index.htm$2", 
                "flag": "l", 
                "comment": ""
            }, 
            "id": 874220
        }, 
        {
            "content": {
                "origin": "^tmall:\\/\\/page\\.tm/shop\\/?\\?(.*(shopId=137007758|user_id=2670830951|userId=2670830951|sellerId=2670830951).*)", 
                "new": "https://mlh.m.tmall.com/m/mei/index.htm?$1", 
                "flag": "l", 
                "comment": ""
            }, 
            "id": 874221
        }, 
        {
            "content": {
                "origin": "^(?:https?:)?\\/\\/shop\\.m\\.taobao\\.com/shop/shop_index\\.htm\\/?\\?(.*(shop_id=137007758).*)", 
                "new": "https://mlh.m.tmall.com/m/mei/index.htm?$1", 
                "flag": "l", 
                "comment": ""
            }, 
            "id": 874222
        }, 
        {
            "content": {
                "origin": "^(?:https?:)?//shop137007758(\\.m)?\\.taobao\\.com\\/?(.*)", 
                "new": "https://mlh.m.tmall.com/m/mei/index.htm$2", 
                "flag": "l", 
                "comment": ""
            }, 
            "id": 874223
        }, 
        {
            "content": {
                "origin": "^(?:https?:)?\\/\\/store\\.taobao\\.com/shop/view_shop\\.htm\\/?\\?(.*(user_number_id=2670830951).*)", 
                "new": "https://mlh.m.tmall.com/m/mei/index.htm?$1", 
                "flag": "l", 
                "comment": ""
            }, 
            "id": 874224
        }, 
        {
            "content": {
                "origin": "^(?:https?:)?\\/\\/shop131193202(?:\\.m)?(?:\\.wapa)?\\.(?:tmall|taobao)\\.com\\/?(\\?.*)?", 
                "new": "//www.tmall.com/wh/tmall/fushi/act/fushi-tuijian-out$1", 
                "flag": "l", 
                "comment": ""
            }, 
            "id": 874225
        }, 
        {
            "content": {
                "origin": "^tmall:\\/\\/page\\.tm/shop(.*[\\?&](shopId=131193202|sellerId=2655858427|user_id=2655858427).*)", 
                "new": "//www.tmall.com/wh/tmall/fushi/act/fushi-tuijian-out$1", 
                "flag": "l", 
                "comment": ""
            }, 
            "id": 874226
        }, 
        {
            "content": {
                "origin": "^(?:https?:)?\\/\\/temaishop(?:\\.m)?\\.tmall\\.com\\/?(\\?.*)?", 
                "new": "//www.tmall.com/wh/tmall/fushi/act/fushi-tuijian-out$1", 
                "flag": "l", 
                "comment": ""
            }, 
            "id": 874227
        }, 
        {
            "content": {
                "origin": "^(?:https?:)?//(www|m)\\.tmall\\.com/?(\\?.*)toNative=0", 
                "new": "$0", 
                "flag": "l", 
                "comment": ""
            }, 
            "id": 874228
        }, 
        {
            "content": {
                "origin": "tmall://(mtp|mobile\\.tmall\\.com/page)/myStreet$", 
                "new": "tmall://tab.switch/myStreet", 
                "flag": "l", 
                "comment": "Tab\u5207\u6362"
            }, 
            "id": 874229
        }, 
        {
            "content": {
                "origin": "^(?:https?:)?//(www|m)\\.tmall\\.com/?(\\?.*)?$", 
                "new": "tmall://tab.switch/home", 
                "flag": "l", 
                "comment": "Tab\u5207\u6362"
            }, 
            "id": 874230
        }, 
        {
            "content": {
                "origin": "^(?:https?:)?//(www|m)\\.tmall\\.com/?(\\?.*)?$", 
                "new": "tmall://tab.switch/home", 
                "flag": "l", 
                "comment": "Tab\u5207\u6362"
            }, 
            "id": 874231
        }, 
        {
            "content": {
                "origin": "tmall://(mtp|mobile\\.tmall\\.com/page)/(.*)", 
                "new": "tmall://page.tm/$2", 
                "flag": "", 
                "comment": ""
            }, 
            "id": 874232
        }, 
        {
            "content": {
                "origin": "tmall://(mtp|mobile\\.tmall\\.com/page)/mainTabMyTmall$", 
                "new": "tmall://tab.switch/mytmall", 
                "flag": "l", 
                "comment": "Tab\u5207\u6362"
            }, 
            "id": 874233
        }, 
        {
            "content": {
                "origin": "tmall://(mtp|mobile\\.tmall\\.com/page)/messageFun.*[\\?&]categoryId=(\\w+)", 
                "new": "tmall://page.tm/funMessage?categoryId=$2", 
                "flag": "l", 
                "comment": "\u534f\u8bae\u53d8\u66f4\u9002\u914d"
            }, 
            "id": 874234
        }, 
        {
            "content": {
                "origin": "tmall://(mtp|mobile\\.tmall\\.com/page)/(msgList|messageRecommend).*[\\?&]categoryId=(\\w+)", 
                "new": "tmall://page.tm/messageList?categoryId=$3", 
                "flag": "l", 
                "comment": "\u534f\u8bae\u53d8\u66f4\u9002\u914d"
            }, 
            "id": 874235
        }, 
        {
            "content": {
                "origin": "(link|jump|banner):securl=(.*)", 
                "new": "tmall://page.tm/webview?securl=$$2", 
                "flag": "l", 
                "comment": ""
            }, 
            "id": 874236
        }, 
        {
            "content": {
                "origin": "^(?:https?:)?//ya\\.tmall\\.com/security/rest\\.do", 
                "new": "tmall://page.tm/webview?securl=$$0", 
                "flag": "l", 
                "comment": ""
            }, 
            "id": 874237
        }, 
        {
            "content": {
                "origin": "tmall://(mtp|mobile\\.tmall\\.com/page)/(.*)", 
                "new": "tmall://page.tm/$2", 
                "flag": "l", 
                "comment": ""
            }, 
            "id": 874238
        }, 
        {
            "content": {
                "origin": "^(?:https?:)?\\/\\/(?:www|pages)\\.tmall\\.com\\/wow\\/portal\\/act\\/huanxin-index\\/?(\\?.*)?", 
                "new": "tmall://page.tm/huanxinMainPage$1", 
                "flag": "l", 
                "comment": ""
            }, 
            "id": 874239
        }, 
        {
            "content": {
                "origin": "\u7115\u65b0\u6807\u7b7e\u3010\u964d\u7ea7\u3011^(?:https?:)?//www\\.tmall\\.com/wh/tpl/refreshmentwh/tag\\.htm.*[\\?&](tagId=(\\d+))", 
                "new": "tmall://page.tm/huanxin?dataType=1&$1", 
                "flag": "l", 
                "comment": ""
            }, 
            "id": 874240
        }, 
        {
            "content": {
                "origin": "^(?:https?:)?//www\\.tmall\\.com/wh/tpl/refreshmentwh/tag\\.htm.*[\\?&](brandId=(\\d+))", 
                "new": "tmall://page.tm/huanxin?dataType=2&$1", 
                "flag": "l", 
                "comment": ""
            }, 
            "id": 874241
        }, 
        {
            "content": {
                "origin": "^(?:https?:)?//h5\\.m\\.taobao\\.com/app/fun/pages/main/index\\.html", 
                "new": "tmall://tab.switch/fun", 
                "flag": "l", 
                "comment": ""
            }, 
            "id": 874242
        }, 
        {
            "content": {
                "origin": "^(?:https?:)?//m\\.tmall\\.com/share/labelShare\\.htm.*[\\?&]id=(\\d+)", 
                "new": "tmall://page.tm/funLabelDetail?labelId=$1", 
                "flag": "l", 
                "comment": ""
            }, 
            "id": 874243
        }, 
        {
            "content": {
                "origin": "^(?:https?:)?//page\\.m\\.tmall\\.com/fun/redirect\\.html\\?type=label.*[\\?&]id=(\\d+)", 
                "new": "tmall://page.tm/funLabelDetail?labelId=$1", 
                "flag": "l", 
                "comment": ""
            }, 
            "id": 874244
        }, 
        {
            "content": {
                "origin": "^(?:https?:)?//gw1\\.alicdn\\.com/L1/444/9662/fun/redirect\\.html\\?type=label.*[\\?&]id=(\\d+)", 
                "new": "tmall://page.tm/funLabelDetail?labelId=$1", 
                "flag": "l", 
                "comment": ""
            }, 
            "id": 874245
        }, 
        {
            "content": {
                "origin": "^(?:https?:)?//gw1\\.alicdn\\.com/L1/444/9662/fun/redirect\\.html\\?type=post.*[\\?&]id=(\\d+)", 
                "new": "tmall://page.tm/funFeedDetail?feedId=$1", 
                "flag": "l", 
                "comment": ""
            }, 
            "id": 874246
        }, 
        {
            "content": {
                "origin": "^(?:https?:)?//m\\.tmall\\.com/share/postShare\\.htm.*[\\?&]id=(\\d+)", 
                "new": "tmall://page.tm/funFeedDetail?feedId=$1", 
                "flag": "l", 
                "comment": ""
            }, 
            "id": 874247
        }, 
        {
            "content": {
                "origin": "^(?:https?:)?//page\\.m\\.tmall\\.com/fun/redirect\\.html\\?type=post.*[\\?&]id=(\\d+)", 
                "new": "tmall://page.tm/funFeedDetail?feedId=$1", 
                "flag": "l", 
                "comment": ""
            }, 
            "id": 874248
        }, 
        {
            "content": {
                "origin": "^(?:https?:)?//(.*)\\.taobao\\.com/app/fun/pages/post/index\\.html\\?postId=(\\d+)(.*)?", 
                "new": "tmall://page.tm/funFeedDetail?feedId=$2$3", 
                "flag": "l", 
                "comment": ""
            }, 
            "id": 874249
        }, 
        {
            "content": {
                "origin": "^(?:https?:)?//page\\.m\\.tmall\\.com/fun/redirect\\.html\\?type=user.*[\\?&]id=((%(\\w\\w)|\\w)+)", 
                "new": "tmall://page.tm/funProfile?userNick=$1", 
                "flag": "l", 
                "comment": ""
            }, 
            "id": 874250
        }, 
        {
            "content": {
                "origin": "^(?:https?:)?//gw1\\.alicdn\\.com/L1/444/9662/fun/redirect\\.html\\?type=user.*[\\?&]id=((%(\\w\\w)|\\w)+)", 
                "new": "tmall://page.tm/funProfile?userNick=$1", 
                "flag": "l", 
                "comment": ""
            }, 
            "id": 874251
        }, 
        {
            "content": {
                "origin": "^(?:https?:)?//m\\.tmall\\.com/share/userShare\\.htm.*[\\?&]id=((%(\\w\\w)|\\w)+)", 
                "new": "tmall://page.tm/funProfile?userNick=$1", 
                "flag": "l", 
                "comment": ""
            }, 
            "id": 874252
        }, 
        {
            "content": {
                "origin": "^(?:https?:)?//gw1\\.alicdn\\.com/L1/444/9662/fun/redirect\\.html\\?type=home", 
                "new": "tmall://tab.switch/fun", 
                "flag": "l", 
                "comment": ""
            }, 
            "id": 874253
        }, 
        {
            "content": {
                "origin": "tmall://funPopup\\.tm/addToAlbum/?(\\?(.*))?", 
                "new": "tmall://page.tm/addToAlbum", 
                "flag": "l", 
                "comment": ""
            }, 
            "id": 874254
        }, 
        {
            "content": {
                "origin": "^(?:https?:)?\\/\\/detail\\.(m|wapa)\\.tmall\\.com\\/item.htm(.*isOriginalH5=true.*)", 
                "new": "$0", 
                "flag": "l", 
                "comment": ""
            }, 
            "id": 874255
        }, 
        {
            "content": {
                "origin": "item:id=(\\d+)", 
                "new": "tmall://page.tm/itemDetail?itemId=$1", 
                "flag": "l", 
                "comment": ""
            }, 
            "id": 874256
        }, 
        {
            "content": {
                "origin": "^(?:https?:)?//auction1\\.wap\\.taobao\\.com/auction/item_detail-\\w+-(\\d+)\\.htm", 
                "new": "tmall://page.tm/itemDetail?itemId=$1", 
                "flag": "l", 
                "comment": ""
            }, 
            "id": 874257
        }, 
        {
            "content": {
                "origin": "^(?:https?:)?//a\\.(m|waptest)\\.(taobao|tmall)\\.com/i(\\d*)\\.(htm|html)", 
                "new": "tmall://page.tm/itemDetail?itemId=$3", 
                "flag": "l", 
                "comment": ""
            }, 
            "id": 874258
        }, 
        {
            "content": {
                "origin": "^(?:https?:)?//h5\\.m\\.taobao\\.com/awp/base/cart\\.htm#\\!awp/core/detail\\.htm.*[\\?&](id|item_num_id|item_id)=(\\d+)", 
                "new": "tmall://page.tm/itemDetail?itemId=$2", 
                "flag": "l", 
                "comment": ""
            }, 
            "id": 874259
        }, 
        {
            "content": {
                "origin": "^(?:https?:)?//ju\\.taobao\\.com/tg/home\\.htm.*[\\?&](id|item_num_id|item_id)=(\\d+)", 
                "new": "tmall://page.tm/itemDetail?itemId=$2", 
                "flag": "l", 
                "comment": ""
            }, 
            "id": 874260
        }, 
        {
            "content": {
                "origin": "^(?:https?:)?//detail(\\.m)?\\.tmall\\.(hk|com)(/hk)?//?item\\.htm.*[\\?&](id|item_num_id|item_id)=(\\d+)", 
                "new": "tmall://page.tm/itemDetail?itemId=$5", 
                "flag": "l", 
                "comment": ""
            }, 
            "id": 874261
        }, 
        {
            "content": {
                "origin": "^(?:https?:)?//h5\\.(m|waptest|wapa)\\.(taobao|tmall)\\.com/awp/core/detail\\.htm.*[\\?&](id|item_num_id|item_id)=(\\d+)", 
                "new": "tmall://page.tm/itemDetail?itemId=$4", 
                "flag": "l", 
                "comment": ""
            }, 
            "id": 874262
        }, 
        {
            "content": {
                "origin": "^(?:https?:)?//miao\\.item\\.(tmall|taobao)\\.com/(\\d+)\\.htm", 
                "new": "tmall://page.tm/itemDetail?itemId=$2", 
                "flag": "l", 
                "comment": ""
            }, 
            "id": 874263
        }, 
        {
            "content": {
                "origin": "^(?:https?:)?//item\\.(tmall|taobao)\\.com/((\\d+)|item)\\.htm.*[\\?&](id|item_num_id|item_id)=(\\d+)", 
                "new": "tmall://page.tm/itemDetail?itemId=$5", 
                "flag": "l", 
                "comment": ""
            }, 
            "id": 874264
        }, 
        {
            "content": {
                "origin": "^(?:https?:)?\\/\\/ladygo(?:\\.m)?\\.tmall\\.com(?:\\/m)?\\/item\\.htm\\/?\\?((?:.*&)?(?:id|item_num_id|item_id)=(\\d+)(?:&.*)?)$", 
                "new": "tmall://page.tm/itemDetail?itemId=$2&$1", 
                "flag": "l", 
                "comment": "\u5546\u54c1\u8be6\u60c5-\u4fea\u4eba\u8d2d"
            }, 
            "id": 874265
        }, 
        {
            "content": {
                "origin": "^(?:https?:)?\\/\\/(skip\\.)?ju\\.taobao\\.com\\/m\\/jusp(?:.*app=lv.*)", 
                "new": "tmall://page.tm/lua_or_h5?url=$$0", 
                "flag": "l", 
                "comment": ""
            }, 
            "id": 874266
        }, 
        {
            "content": {
                "origin": "^(?:https?:)?//detail\\.ju\\.taobao\\.com/home\\.htm.*[\\?&](item_num_id|item_id|(?i)itemid)=(\\d+).*([\\?&]id)=(\\d+)", 
                "new": "tmall://page.tm/webview?url=$$0", 
                "flag": "l", 
                "comment": "\u6709itemId\u548cid\uff0c\u8981\u8fc7\u6ee4\u6389id\uff0c\u7531\u4e8e\u5185\u90e8\u5b9e\u73b0\u539f\u56e0\uff0c\u5bfc\u5411webview\u505a302\u8df3\u8f6c"
            }, 
            "id": 874267
        }, 
        {
            "content": {
                "origin": "^(?:https?:)?//detail\\.ju\\.taobao\\.com/home\\.htm.*[\\?&](id)=(\\d+).*([\\?&]item_num_id|item_id|(?i)itemid)=(\\d+)", 
                "new": "tmall://page.tm/webview?url=$$0", 
                "flag": "l", 
                "comment": "\u6709itemId\u548cid\uff0c\u8fc7\u6ee4\u6389id\uff0c\u7531\u4e8e\u5185\u90e8\u5b9e\u73b0\u539f\u56e0\uff0c\u5bfc\u5411webview\u505a302\u8df3\u8f6c"
            }, 
            "id": 874268
        }, 
        {
            "content": {
                "origin": "^(?:https?:)?//detail\\.ju\\.taobao\\.com/home\\.htm.*[\\?&](id|item_num_id|item_id)=(\\d+)", 
                "new": "tmall://page.tm/itemDetail?itemId=$2", 
                "flag": "l", 
                "comment": ""
            }, 
            "id": 874269
        }, 
        {
            "content": {
                "origin": "^(?:https?:)?//tb\\.cn/x/ju[\\?]?(.*)", 
                "new": "tmall://page.tm/juhuasuan?$1", 
                "flag": "l", 
                "comment": ""
            }, 
            "id": 874270
        }, 
        {
            "content": {
                "origin": "search:(.*)", 
                "new": "tmall://page.tm/search?$1", 
                "flag": "l", 
                "comment": ""
            }, 
            "id": 874271
        }, 
        {
            "content": {
                "origin": "^(?:https?:)?//s\\.m\\.tmall\\.com/m/searchbar\\.htm[\\?]?(.*)", 
                "new": "tmall://page.tm/searchinput?$1", 
                "flag": "l", 
                "comment": ""
            }, 
            "id": 874272
        }, 
        {
            "content": {
                "origin": "^(?:https?:)?//s\\.m\\.tmall\\.com/search\\.htm.*[\\?&]searchType=tmallhk(.*)", 
                "new": "tmall://page.tm/searchtmallhk?$1", 
                "flag": "l", 
                "comment": ""
            }, 
            "id": 874273
        }, 
        {
            "content": {
                "origin": "^(?:https?:)?//(s|list)(\\.m)?\\.tmall\\.com(/m)?/(search|search_data|search_product).htm(.*)", 
                "new": "tmall://page.tm/search$5", 
                "flag": "l", 
                "comment": ""
            }, 
            "id": 874274
        }, 
        {
            "content": {
                "origin": "^(?:https?:)?//s\\.m\\.tmall\\.com/industry_search\\.htm(.*)", 
                "new": "tmall://page.tm/industrySearch$1", 
                "flag": "l", 
                "comment": ""
            }, 
            "id": 874275
        }, 
        {
            "content": {
                "origin": "^(?:https?:)?//s\\.m\\.tmall\\.com/m/category\\.htm[\\?]?(.*)", 
                "new": "tmall://page.tm/category?$1", 
                "flag": "l", 
                "comment": ""
            }, 
            "id": 874276
        }, 
        {
            "content": {
                "origin": "^(?:https?:)?//(wapp|h5)\\.(m|waptest|wapa)\\.taobao\\.com/weapp/view_page\\.htm(.*[\\?&]page=(shop(/|(%2F))activity|tmallshop(/|(%2F))tmall_individual|shop(/|(%2F))act_detail|shop(/|(%2F))campaign-\\d+-\\d+).*)", 
                "new": "tmall://page.tm/weapp$3", 
                "flag": "l", 
                "comment": "weapp"
            }, 
            "id": 874277
        }, 
        {
            "content": {
                "origin": "^(?:https?:)?//shop\\.m\\.taobao\\.com/category/index\\.htm\\?(.*shop_id=(\\d+)&user_id=(\\d+).*)", 
                "new": "tmall://page.tm/shopCategory?shopId=$2&sellerId=$3&$1", 
                "flag": "l", 
                "comment": ""
            }, 
            "id": 874278
        }, 
        {
            "content": {
                "origin": "^(?:https?:)?\\/\\/(\\w+)(\\.m)?(\\.mall)?\\.(tmall|taobao)\\.(hk|com)\\/shop\\/shop_auction_search\\.htm(\\?(.*([\\?&]scid=(\\d+)).*))?", 
                "new": "tmall://page.tm/searchShopItem?searchType=shopItem&shopId=$shopid&categoryId=$9&$7", 
                "flag": "l,s", 
                "comment": "\u5e97\u94fa\u5185\u641c\u7d22"
            }, 
            "id": 874279
        }, 
        {
            "content": {
                "origin": "^(?:https?:)?\\/\\/shop(\\d+)(\\.m)?(\\.wapa)?\\.taobao\\.com\\/?.*?([\\?&]catId=(\\d+))?.*?#list.*?([\\?&]catId=(\\d+))?", 
                "new": "tmall://page.tm/searchShopItem?searchType=shopItem&shopId=$1&categoryId=$5$7", 
                "flag": "l", 
                "comment": "\u5e97\u94fa\u5185\u641c\u7d22"
            }, 
            "id": 874280
        }, 
        {
            "content": {
                "origin": "shop:id=(\\d+)", 
                "new": "tmall://page.tm/shop?shopId=$1", 
                "flag": "l", 
                "comment": ""
            }, 
            "id": 874281
        }, 
        {
            "content": {
                "origin": "^(?:https?:)?//tb\\.cn/shop\\?(.*)", 
                "new": "tmall://page.tm/shop?$1", 
                "flag": "l", 
                "comment": ""
            }, 
            "id": 874282
        }, 
        {
            "content": {
                "origin": "^(?:https?:)?//(\\w+)(\\.m)?(\\.mall)?\\.(tmall|taobao)\\.(hk|com)/shop/shop_index.htm([\\?&]shop_id=(\\d+)|[\\?&](user_id|user_number_id)=(\\d+)|[\\?&]nick=((%(\\w\\w)|\\w)+))", 
                "new": "tmall://page.tm/shop?shopId=$7&sellerId=$9&sellerNick=$10", 
                "flag": "l", 
                "comment": ""
            }, 
            "id": 874283
        }, 
        {
            "content": {
                "origin": "^(?:https?:)?//(shop|store)(\\.m)?\\.(taobao|tmall)\\.com/shop(/(shop_index|shopindex|shopIndex|view_shop))?\\.htm.*([\\?&]shop_id=(\\d+)|[\\?&](user_id|user_number_id|userId)=(\\d+)|[\\?&]nick=((%(\\w\\w)|\\w)+))", 
                "new": "tmall://page.tm/shop?shopId=$7&sellerId=$9&sellerNick=$10", 
                "flag": "l", 
                "comment": ""
            }, 
            "id": 874284
        }, 
        {
            "content": {
                "origin": "^(?:https?:)?//shop(\\d+)(\\.m)?(\\.wapa)?.taobao\\.com/campaign(-(\\d+))?\\.htm", 
                "new": "tmall://page.tm/webview?url=$$0", 
                "flag": "l", 
                "comment": "\u5e97\u94fa\u627f\u63a5\u9875\uff0c\u4e0d\u8df3\u8f6c"
            }, 
            "id": 874285
        }, 
        {
            "content": {
                "origin": "^(?:https?:)?//shop(\\d+)(\\.m)*(\\.wapa)*.taobao\\.com", 
                "new": "tmall://page.tm/shop?shopId=$1", 
                "flag": "l", 
                "comment": ""
            }, 
            "id": 874286
        }, 
        {
            "content": {
                "origin": "^(?:https?:)?//h5\\.(m|wapa)\\.taobao\\.com/weapp/view_page\\.htm.*?[\\?&]page=shop(/|(%2F))(index|mall_index)([\\?&]shopId=(\\d+)|[\\?&](userId|sellerId)=(\\d+)|[\\?&]userNick=((%(\\w\\w)|\\w)+))", 
                "new": "tmall://page.tm/shop?shopId=$6&sellerId=$8&sellerNick=$9", 
                "flag": "l", 
                "comment": ""
            }, 
            "id": 874287
        }, 
        {
            "content": {
                "origin": "^(?:https?:)?//(tm|trade|h5)(\\.m)?\\.(taobao|tmall)\\.com/(order|detail|trade)(/detail)?/(order_detail|orderdetail|orderDetail|trade_item_detail)\\.htm.*[\\?&](payOrderId|bizOrderId|orderId)=(\\d+)", 
                "new": "tmall://page.tm/orderDetail?tradeId=$8", 
                "flag": "l", 
                "comment": ""
            }, 
            "id": 874288
        }, 
        {
            "content": {
                "origin": "^(?:https?:)?//h5\\.m\\.taobao\\.com/awp/mtb/odetail\\.htm.*[\\?&](payOrderId|bizOrderId|orderId)=(\\d+)", 
                "new": "tmall://page.tm/orderDetail?tradeId=$2", 
                "flag": "l", 
                "comment": ""
            }, 
            "id": 874289
        }, 
        {
            "content": {
                "origin": "^(?:https?:)?//h5\\.(m|wapa)\\.taobao\\.com/awp/base/buy.htm.*[\\?&]exParams=(.*)", 
                "new": "tmall://page.tm/queryOrder?exParams=$2&orderType=3", 
                "flag": "l", 
                "comment": ""
            }, 
            "id": 874290
        }, 
        {
            "content": {
                "origin": "^(?:https?:)?\\/\\/h5\\.m\\.taobao\\.com\\/mlapp\\/odetail\\.html(?:\\?|\\?.*&)(payOrderId|bizOrderId|orderId)=(\\d+)", 
                "new": "tmall://page.tm/orderDetail?tradeId=$2", 
                "flag": "l", 
                "comment": ""
            }, 
            "id": 874291
        }, 
        {
            "content": {
                "origin": "^(?:https?:)?//(h5|d|cart)(\\.m)?\\.(taobao|tmall)\\.com/(cart|mybag|my_cart)(/(index|myCart))?\\.htm", 
                "new": "tmall://page.tm/cart", 
                "flag": "l", 
                "comment": ""
            }, 
            "id": 874292
        }, 
        {
            "content": {
                "origin": "^(?:https?:)?\\/\\/h5\\.m\\.taobao\\.com\\/awp\\/base\\/cart\\.htm(?!#.*(awp\\/core\\/buy\\.htm))", 
                "new": "tmall://page.tm/cart", 
                "flag": "l", 
                "comment": ""
            }, 
            "id": 874293
        }, 
        {
            "content": {
                "origin": "^(?:https?:)?//(?:www|pages)\\.tmall\\.com/wow/portal/act/shenghuojia-detail(.*)?", 
                "new": "tmall://page.tm/shenghuojiastage$1", 
                "flag": "l", 
                "comment": "\u751f\u6d3b\u5bb6"
            }, 
            "id": 874294
        }, 
        {
            "content": {
                "origin": "^(?:https?:)?//(?:www|pages)\\.tmall\\.com/wow/portal/act/shenghuojia-taglist(.*)?", 
                "new": "tmall://page.tm/shenghuojiatag$1", 
                "flag": "l", 
                "comment": "\u751f\u6d3b\u5bb6taglist"
            }, 
            "id": 874295
        }, 
        {
            "content": {
                "origin": "^(?:https?:)?//(?:www|pages)\\.tmall\\.com/wow/portal/act/shenghuojia-album(.*)?", 
                "new": "tmall://page.tm/shenghuojiaalbum$1", 
                "flag": "l", 
                "comment": "\u751f\u6d3b\u5bb6album"
            }, 
            "id": 874296
        }, 
        {
            "content": {
                "origin": "^(?:https?:)?//(?:www|pages)\\.tmall\\.com/wow/portal/act/shenghuojia-index(.*)?", 
                "new": "tmall://page.tm/shenghuojiatangram$1", 
                "flag": "l", 
                "comment": "\u751f\u6d3b\u5bb6tangram"
            }, 
            "id": 874297
        }, 
        {
            "content": {
                "origin": "^(?:https?:)?//(?:www|pages)\\.tmall\\.com/wow/portal/act/shenghuojia-index(.*)?", 
                "new": "tmall://page.tm/shenghuojia$1", 
                "flag": "l", 
                "comment": "\u751f\u6d3b\u5bb6"
            }, 
            "id": 874298
        }, 
        {
            "content": {
                "origin": "^(?:https?:)?//(?:www|pages)\\.tmall\\.com/wow/portal/act/shenghuojia-shop(.*)?", 
                "new": "tmall://page.tm/shenghuojiashop$1", 
                "flag": "l", 
                "comment": ""
            }, 
            "id": 874299
        }, 
        {
            "content": {
                "origin": "^(?:https?:)?//www.tmall.com/wh/tmall/portal/act/xin(\\/?\\?|$|\\/)(.*)", 
                "new": "tmall://page.tm/newhot?type=0&$2", 
                "flag": "l", 
                "comment": ""
            }, 
            "id": 874300
        }, 
        {
            "content": {
                "origin": "^(?:https?:)?//www.tmall.com/wh/tmall/portal/act/zhe(\\/?\\?|$|\\/)(.*)", 
                "new": "tmall://page.tm/newhot?type=1&$2", 
                "flag": "l", 
                "comment": ""
            }, 
            "id": 874301
        }, 
        {
            "content": {
                "origin": "^(?:https?:)?//www.tmall.com/wh/tmall/portal/act/re(\\/?\\?|$|\\/)(.*)", 
                "new": "tmall://page.tm/newhot?type=2&$2", 
                "flag": "l", 
                "comment": ""
            }, 
            "id": 874302
        }, 
        {
            "content": {
                "origin": "^(?:https?:)?\\/\\/(?:www|pages)\\.tmall\\.com\\/wow\\/lafite\\/act\\/shoping-list-detail\\/?(\\?.*)?", 
                "new": "tmall://page.tm/ShopListDetail$1", 
                "flag": "l", 
                "comment": ""
            }, 
            "id": 874303
        }, 
        {
            "content": {
                "origin": "tmall:\\/\\/page.tm\\/webview\\?url=https:\\/\\/pages.tmall.com\\/wow\\/lafite\\/act\\/mlhongbao38\\?(.*)", 
                "new": "https://pages.tmall.com/wow/lafite/act/mlhongbao38?$1", 
                "flag": "l", 
                "comment": ""
            }, 
            "id": 874304
        }, 
        {
            "content": {
                "origin": "^(?:https?:)?//pages\\.tmall\\.com/wh/tmall/jifen/act/point-exchange/?(\\?.*)?", 
                "new": "http://www.tmall.com/wow/jifen/act/index$1", 
                "flag": "l", 
                "comment": "\u732b\u5ba2\u548c\u624b\u6dd8\u4f7f\u7528\u4e0d\u540c\u7684\u5730\u5740\uff0cfuck"
            }, 
            "id": 874305
        }, 
        {
            "content": {
                "origin": "^(?:https?:)?\\/\\/(?:www|pages)\\.tmall\\.com\\/wow\\/portal\\/act\\/wuse-list\\/?(\\?.*)?", 
                "new": "tmall://page.tm/wuseMain$1", 
                "flag": "l", 
                "comment": ""
            }, 
            "id": 874306
        }, 
        {
            "content": {
                "origin": "^(?:https?:)?//pages\\.tmall\\.com/wow/portal/act/wuse-top[\\?]?(.*)", 
                "new": "tmall://page.tm/wuseTopicRanking?$1", 
                "flag": "l", 
                "comment": ""
            }, 
            "id": 874307
        }, 
        {
            "content": {
                "origin": "^(?:https?:)?//pages\\.tmall\\.com/wow/portal/act/wuse-theme[\\?]?(.*)", 
                "new": "tmall://page.tm/wuseTheme?$1", 
                "flag": "l", 
                "comment": ""
            }, 
            "id": 874308
        }, 
        {
            "content": {
                "origin": "^(?:https?:)?//www\\.tmall\\.com/wh/tmall/brand/act/goodshop\\/?(\\?.*)?", 
                "new": "tmall://page.tm/topbrand$1", 
                "flag": "l", 
                "comment": ""
            }, 
            "id": 874309
        }, 
        {
            "content": {
                "origin": "^(?:https?:)?\\/\\/cloud\\.video\\.taobao\\.com\\/(.*mp4)", 
                "new": "tmall://page.tm/video?url=$$0", 
                "flag": "l", 
                "comment": ""
            }, 
            "id": 874310
        }, 
        {
            "content": {
                "origin": "^(?:https?:)?//ju\\.taobao\\.com/m/jusp/other/liangfan/mtp\\.htm[\\?]?(.*)", 
                "new": "tmall://go/ju/luaview?pageUrlKey=other/lftnew&package=lft&luaview_degrade_url=https%3a%2f%2fju.taobao.com%2fm%2fjusp%2fother%2flftnew%2fmtp.htm", 
                "flag": "l", 
                "comment": ""
            }, 
            "id": 874311
        }, 
        {
            "content": {
                "origin": "^tmall://go/ju/?(.*)?", 
                "new": "$0", 
                "flag": "l", 
                "comment": ""
            }, 
            "id": 874312
        }, 
        {
            "content": {
                "origin": "^(?:https?:)?//ju\\.taobao\\.com/m/jusp/other/liangfan/mtp\\.htm[\\?]?(.*)", 
                "new": "tmall://go/ju/luaview?package=lft&from=tmallapp&luaview_script_url=http%3a%2f%2fg.tbcdn.cn%2fju%2flua-lft%2f2.7.0%2flftnew.zip", 
                "flag": "l", 
                "comment": ""
            }, 
            "id": 874313
        }, 
        {
            "content": {
                "origin": "^(?:https?:)?//ju\\.taobao\\.com/m/jusp/juhuasuantm/mtp\\.htm[\\?]?(.*)", 
                "new": "tmall://page.tm/juhuasuan?$1", 
                "flag": "l", 
                "comment": ""
            }, 
            "id": 874314
        }, 
        {
            "content": {
                "origin": "^(?:https?:)?//h5\\.m\\.taobao\\.com/ww/index\\.htm((?!crash=true).)*#\\!(dialog)-([^-]+)?(?:-(\\d*))?(?:-(\\d*))?(?:-(\\d*))?(?:-(\\d*))?(?:-(\\w{8}))?", 
                "new": "tmall://page.tm/wxsession?source=intercept&originUrl=$$0", 
                "flag": "l", 
                "comment": ""
            }, 
            "id": 874315
        }, 
        {
            "content": {
                "origin": "^tmall\\:\\/\\/page.tm\\/webview\\?url=http%3A%2F%2Fm.tmall.com%2Fchannel%2Fchn%2Fcommon%2Fauthorization-notice.php\\/?(\\?.*)?", 
                "new": "https://pages.tmall.com/wow/lafite/act/auth-license$1", 
                "flag": "l", 
                "comment": "\u4e92\u52a8bug"
            }, 
            "id": 874316
        }, 
        {
            "content": {
                "origin": "^(?:https?:)?\\/\\/(?:www|pages)\\.tmall\\.com\\/wow\\/hotspot\\/act\\/tmall-live-player\\/?(\\?.*)?", 
                "new": "tmall://page.tm/LivePlay$1", 
                "flag": "l", 
                "comment": ""
            }, 
            "id": 874317
        }, 
        {
            "content": {
                "origin": "^(?:https?:)?\\/\\/(?:www|pages)\\.tmall\\.com\\/wow\\/act\\/15715\\/main\\/?(\\?.*)?", 
                "new": "tmall://page.tm/huichang$1", 
                "flag": "l", 
                "comment": "\u4f1a\u573a"
            }, 
            "id": 874318
        }, 
        {
            "content": {
                "origin": "^(?:https?:)?\\/\\/man\\.tmall\\.com\\/?(\\?.*)?", 
                "new": "tmall://page.tm/huichang$1", 
                "flag": "l", 
                "comment": "\u4f1a\u573aMan"
            }, 
            "id": 874319
        }, 
        {
            "content": {
                "origin": "^(?:https?:)?\\/\\/(?:www|pages)\\.tmall\\.com\\/wow\\/act\\/15715\\/fhc\\/?\\??(.*)?", 
                "new": "tmall://page.tm/huichang?index=1&$1", 
                "flag": "l", 
                "comment": "\u4f1a\u573aTab1"
            }, 
            "id": 874320
        }, 
        {
            "content": {
                "origin": "^(?:https?:)?\\/\\/(?:www|pages)\\.tmall\\.com\\/wow\\/act\\/15715\\/manday-dapei\\/?\\??(.*)?", 
                "new": "tmall://page.tm/huichang?index=3&$1", 
                "flag": "l", 
                "comment": "\u4f1a\u573aTab3"
            }, 
            "id": 874321
        }, 
        {
            "content": {
                "origin": "^(?:https?:)?\\/\\/(?:www|pages)\\.tmall\\.com\\/wow\\/act\\/15715\\/manday-me\\/?\\??(.*)?", 
                "new": "tmall://page.tm/huichang?index=4&$1", 
                "flag": "l", 
                "comment": "\u4f1a\u573aTab4"
            }, 
            "id": 874322
        }, 
        {
            "content": {
                "origin": "^(?:tmall:)\\/\\/page.tm\\/wxsessionList(.*channel=push.*)", 
                "new": "tmall://page.tm/messageBox#needLogin", 
                "flag": "", 
                "comment": ""
            }, 
            "id": 874323
        }, 
        {
            "content": {
                "origin": "xxxxx^xxx(?:https?:)?\\/\\/(?:.*_wx_tpl=(.*))", 
                "new": "tmall://page.tm/weexpage?_wx_tpl=$1", 
                "flag": "l", 
                "comment": ""
            }, 
            "id": 874324
        }, 
        {
            "content": {
                "origin": "xxxxxxxx^(?:https?:)?\\/\\/(?:.*wh_weex=true.*)", 
                "new": "tmall://page.tm/weexpage?wh_weex=true&origin=$$0", 
                "flag": "l", 
                "comment": ""
            }, 
            "id": 874325
        }, 
        {
            "content": {
                "origin": "^(?:https?:)?\\/\\/(?:.*__TMInteractiveSDK__=(.*))", 
                "new": "tmall://component.tm/interactive/webview?url=$$0", 
                "flag": "l", 
                "comment": ""
            }, 
            "id": 874326
        }, 
        {
            "content": {
                "origin": "^(?:https?:)?//content\\.tmall\\.com.*supportNative=1(?:&|$)", 
                "new": "tmall://page.tm/lightpage", 
                "flag": "l", 
                "comment": ""
            }, 
            "id": 874327
        }, 
        {
            "content": {
                "origin": "^(?:https?:)?\\/\\/vip\\.tmall\\.com\\/tm-member\\/fans-main\\/index\\?(.*)", 
                "new": "tmall://page.tm/fansPa?hasNoTab=1&$1", 
                "flag": "l", 
                "comment": ""
            }, 
            "id": 874328
        }, 
        {
            "content": {
                "origin": "^(?:https?:)?//([\\w|-]+)(\\.m)?(\\.mall)?\\.(tmall|taobao)\\.(hk|com)/(shop/shop_index|shop/view|view_shop|index\\.htm)", 
                "new": "tmall://page.tm/shop?shopId=$shopid", 
                "flag": "l,s", 
                "comment": "\u5e26\u7279\u6b8apath\u7684"
            }, 
            "id": 874329
        }, 
        {
            "content": {
                "origin": "^(?:https?:)?//([\\w|-]+)(\\.m)?(\\.mall)?\\.(tmall|taobao|alipay)\\.(hk|com)/(\\w+)", 
                "new": "tmall://page.tm/webview?url=$$0", 
                "flag": "l", 
                "comment": "\u5e26Path\u7684\uff0c\u4e14\u4e0d\u662f\u51e0\u4e2a\u7279\u6b8apath\u7684\u53bbwebview"
            }, 
            "id": 874330
        }, 
        {
            "content": {
                "origin": "^(?:https?:)?//([\\w|-]+)(\\.m)?(\\.mall)?\\.(tmall|taobao)\\.(hk|com)", 
                "new": "tmall://page.tm/shop?shopId=$shopid", 
                "flag": "l,s", 
                "comment": "\u4e2a\u6027\u57df\u540d\u67e5\u8be2\u515c\u5e95"
            }, 
            "id": 874331
        }, 
        {
            "content": {
                "origin": "^(?:https?:)?//m\\.tmall\\.com/qr/gxfc\\?.*id=(\\d+)", 
                "new": "tmall://page.tm/shop?shopId=$1", 
                "flag": "l", 
                "comment": "\u5e97\u94fa\u5206\u4eabbug"
            }, 
            "id": 874332
        }
    ]
}