{
    "json": false, 
    "version": 0, 
    "name": "rewrite_shenghuojia", 
    "catalogList": [
        {
            "content": {
                "origin": "^(?:https?:)?//(?:www|pages)\\.tmall\\.com/wow/portal/act/shenghuojia-detail(.*)?", 
                "new": "tmall://page.tm/shenghuojiastage$1", 
                "flag": "l", 
                "comment": "\u751f\u6d3b\u5bb6"
            }, 
            "id": 875115
        }, 
        {
            "content": {
                "origin": "^(?:https?:)?//(?:www|pages)\\.tmall\\.com/wow/portal/act/shenghuojia-taglist(.*)?", 
                "new": "tmall://page.tm/shenghuojiatag$1", 
                "flag": "l", 
                "comment": "\u751f\u6d3b\u5bb6taglist"
            }, 
            "id": 875116
        }, 
        {
            "content": {
                "origin": "^(?:https?:)?//(?:www|pages)\\.tmall\\.com/wow/portal/act/shenghuojia-album(.*)?", 
                "new": "tmall://page.tm/shenghuojiaalbum$1", 
                "flag": "l", 
                "comment": "\u751f\u6d3b\u5bb6album"
            }, 
            "id": 875117
        }, 
        {
            "content": {
                "origin": "^(?:https?:)?//(?:www|pages)\\.tmall\\.com/wow/portal/act/shenghuojia-index(.*)?", 
                "new": "tmall://page.tm/shenghuojiatangram$1", 
                "flag": "l", 
                "comment": "\u751f\u6d3b\u5bb6tangram"
            }, 
            "id": 875118
        }, 
        {
            "content": {
                "origin": "^(?:https?:)?//(?:www|pages)\\.tmall\\.com/wow/portal/act/shenghuojia-shop(.*)?", 
                "new": "tmall://page.tm/shenghuojiashop$1", 
                "flag": "l", 
                "comment": ""
            }, 
            "id": 875119
        }
    ]
}