{
    "json": false, 
    "version": 0, 
    "name": "ScanSetting", 
    "catalogList": [
        {
            "content": {
                "ScanWhiteList": [
                    "alipay.net", 
                    "alipay.com", 
                    "etao.com", 
                    "wt.tmall.com", 
                    "*.tmall.com", 
                    "tmall.com", 
                    "taobao.com", 
                    "alibaba-inc.com", 
                    "tb.cn", 
                    "laiwang.com", 
                    "lwurl.to", 
                    "taobao.net", 
                    "tbsandbox.com", 
                    "yunos.com", 
                    "tdd.la", 
                    "tmall.hk", 
                    "tmall.net", 
                    "xiami.com", 
                    "taohua.com", 
                    "yao.95095.com", 
                    "crazyguess.hortorgame.com", 
                    "taobaocdn.com", 
                    "ahd.so", 
                    "alicdn.com", 
                    "jaeapp.com", 
                    "jaecdn.com", 
                    "alimei.com", 
                    "taobao.wy.guahao.com", 
                    "h5.edaijia.cn", 
                    "atb.so", 
                    "b.tb.cn", 
                    "b.mashort.cn", 
                    "m.atb.so", 
                    "m.tb.cn", 
                    "m.mashort.cn", 
                    "www.juzone.cc", 
                    "www.juzone.me", 
                    "www.juhs.me", 
                    "www.h5tool.com", 
                    "www.h5util.com", 
                    "www.fastidea.cc", 
                    "www.fastidea.me", 
                    "www.spdyidea.com", 
                    "www.polyinno.com", 
                    "www.mshare.cc", 
                    "www.wirlesshare.com", 
                    "www.5945i.com", 
                    "www.juhuasuan.com", 
                    "www.TB.CN", 
                    "www.aliloan.com", 
                    "juhuasuan.com", 
                    "hft.evergrande.com", 
                    "t.alipayobjects.com", 
                    "www.xianyu.mobi", 
                    "www.miaostreet.com", 
                    "alibaba.com", 
                    "M.TB.CN", 
                    "dingtalk.com", 
                    "mybank.cn", 
                    "mayibank.net", 
                    "1688.com", 
                    "m.taohua.com", 
                    "taohua.com", 
                    "dingtalk.com", 
                    "juhs.me", 
                    "market.m.alitrip.com", 
                    "1111.alitrip.com", 
                    "market.alitrip.com", 
                    "alitrip.com", 
                    "www.h5clouds.com", 
                    "yunzhi.co", 
                    "wtw-group.com", 
                    "www.ban-ma.cn", 
                    "www.tmshare123.com", 
                    "www.tbshare123.com", 
                    "ju.fastidea.me", 
                    "ju.5945i.com", 
                    "t.cn", 
                    "mashort.cn", 
                    "a.sh.1251626626.clb.myqcloud.com", 
                    "fxm.so", 
                    "mashangfangxin.com", 
                    "web-chandorio.51h5.com", 
                    "d10a.com", 
                    "sjtm.me", 
                    "tmxz.me", 
                    "njibhu.com", 
                    "nghmesc.com", 
                    "qqwewew.com", 
                    "sdfscx.com", 
                    "tyututy.com", 
                    "nnjioko.com", 
                    "xdrcftv.com", 
                    "yukhj.com", 
                    "zmnxbc.com", 
                    "searchtools.admin.taobao.org", 
                    "qr14.cn", 
                    "tmall1111.im20.com.cn", 
                    "youku.com", 
                    "d22a.com", 
                    "c1a0.com", 
                    "c1a2.com", 
                    "c1a3.com", 
                    "b0wp.com", 
                    "b0wq.com", 
                    "b0za.com", 
                    "b0wr.com", 
                    "b0wv.com", 
                    "b0ww.com", 
                    "b0yp.com", 
                    "b0yq.com", 
                    "b0yr.com", 
                    "b0yt.com", 
                    "b1wp.com", 
                    "b1wq.com", 
                    "b1za.com", 
                    "b1wt.com", 
                    "b1wr.com", 
                    "b1wv.com", 
                    "b1ww.com", 
                    "b1yp.com", 
                    "b1yq.com", 
                    "b1yr.com", 
                    "xinlingshou.cn", 
                    "qazdsa.com", 
                    "rergdfh.com", 
                    "trfgvb.com", 
                    "vgyuhu.com", 
                    "ujnfdfv.com", 
                    "e22a.com", 
                    "liangxinyao.com", 
                    "fliggy.com", 
                    "fliggy.hk", 
                    "alihealth.cn", 
                    "taopiaopiao.com", 
                    "m.taopiaopiao.com", 
                    "qqrer.com", 
                    "nghmesc.com", 
                    "rtyhfg.com", 
                    "sdffqaz.com", 
                    "tyututy.com", 
                    "uhbthn.com", 
                    "gxb.mmstat.com", 
                    "lingshoujia.com", 
                    "xinlingshou.cn"
                ], 
                "Gen3Prefix": "http://m.tb.cn/"
            }, 
            "id": 874492
        }
    ]
}