{
    "json": true, 
    "version": 0, 
    "name": "superApi", 
    "catalogList": [
        {
            "content": {
                "Window.hideTitle": "", 
                "Blow.watchBlow": "", 
                "Application.enableSpdy": "", 
                "Window.portrait": "", 
                "Sonic.startSend": "", 
                "Window.back": "", 
                "Window.openHardwareAccelerated": "", 
                "Application.addShakeListener": "", 
                "Orientation.watchOrientation": "", 
                "Sonic.stop": "", 
                "Notification.vibrate": "", 
                "Motion.watchAcceleration": "", 
                "Logic.triggerAction": "", 
                "Audio.resume": "", 
                "magicmirror.isSupport": "", 
                "Isv.mtopServer": "", 
                "TMDetailNativeAPI.openPicture": "", 
                "Window.disableRefresh": "", 
                "socialPlugin.hybridMtop": "", 
                "Audio.stop": "", 
                "Application.disableSpdy": "", 
                "Window.landscape": "", 
                "PageVisibility.clearWatch": "", 
                "PageVisibility.watchVisibilitychange": "", 
                "Pug.confirm": "", 
                "Orientation.clearWatch": "", 
                "MisAudioSearch.record": "", 
                "TMPoplayer.close": "", 
                "Scancode.scan": "", 
                "Window.setTitle": "", 
                "Application.login": "", 
                "Window.toast": "", 
                "Sonic.startReceive": "", 
                "Application.update": "", 
                "Audio.pause": "", 
                "Share.newShare": "", 
                "magicmirror.makeup": "", 
                "Share.share": "", 
                "Fun.sendPost": "", 
                "MisAudio.record": "", 
                "Application.networkType": "", 
                "Application.getVersion": "", 
                "Window.showTitle": "", 
                "Motion.clearWatch": "", 
                "Window.hideProgress": "", 
                "GlobalNavigation.show": "", 
                "Blow.clearWatch": "", 
                "Isv.server": "", 
                "Audio.play": "", 
                "Application.removeShakeListener": "", 
                "Window.getMeta": "", 
                "Window.showProgress": "", 
                "ARPlugin.startUp": "", 
                "Isv.doAuth": ""
            }, 
            "id": 874335
        }
    ]
}